CourseID	Certification Year	Name	Dist	Units	City	State	Measurer	Full state	City,State	Latitude	Longitude	Color	Certificate URL	Steet map	Driving directions	Date added	Replaces
QC-2026-010-LJJL	2026	Étalons de 300 m, Piste Cyclable Boulevard Cavendish	300	m	Saint-Laurent	QC		Quebec	Saint-Laurent,Quebec	45.5088774	-73.6875187	PURPLE	<a href='https://www.acroad.ca/certificates/2026/QC-2026-010-LJJL.pdf' target='_blank'>QC-2026-010-LJJL</a>	<a href='https://www.google.com/maps/place/45.5088774,-73.6875187' target='_blank'>Local street map of course</a>	<a href='https://www.google.com/maps/dir/?api=1&destination=45.5088774,-73.6875187&travelmode=driving' target='_blank'>Driving directions to course</a>		
ON-2026-007-PTBA	2026	Francis Street West Calibration	300	m	Fenelon Falls	ON		Ontario	Fenelon Falls,Ontario	44.5370301	-78.7363805	PURPLE	<a href='https://www.acroad.ca/certificates/2026/ON-2026-007-PTBA.pdf' target='_blank'>ON-2026-007-PTBA</a>	<a href='https://www.google.com/maps/place/44.5370301,-78.7363805' target='_blank'>Local street map of course</a>	<a href='https://www.google.com/maps/dir/?api=1&destination=44.5370301,-78.7363805&travelmode=driving' target='_blank'>Driving directions to course</a>		
ON-2025-017-LJJL	2025	Arthur Street 300 m Calibration Course	300	m	Perth	ON		Ontario	Perth,Ontario	43.4935991	-81.0164111	PURPLE	<a href='https://www.acroad.ca/certificates/2025/ON-2025-017-LJJL.pdf' target='_blank'>ON-2025-017-LJJL</a>	<a href='https://www.google.com/maps/place/43.4935991,-81.0164111' target='_blank'>Local street map of course</a>	<a href='https://www.google.com/maps/dir/?api=1&destination=43.4935991,-81.0164111&travelmode=driving' target='_blank'>Driving directions to course</a>		
QC-2025-029-LJJL	2025	Base Étalon 300 m Gravier Vélopiste Shannon	300	m	Shannon	QC		Quebec	Shannon,Quebec	46.8865709	-71.5166406	PURPLE	<a href='https://www.acroad.ca/certificates/2025/QC-2025-029-LJJL.pdf' target='_blank'>QC-2025-029-LJJL</a>	<a href='https://www.google.com/maps/place/46.8865709,-71.5166406' target='_blank'>Local street map of course</a>	<a href='https://www.google.com/maps/dir/?api=1&destination=46.8865709,-71.5166406&travelmode=driving' target='_blank'>Driving directions to course</a>		
QC-2025-013-LJJL	2025	Base Étalon 300 m Voie Verte - Chelsea	300	m	Chelsea	QC		Quebec	Chelsea,Quebec	45.5031737	-75.8080230	PURPLE	<a href='https://www.acroad.ca/certificates/2025/QC-2025-013-LJJL.pdf' target='_blank'>QC-2025-013-LJJL</a>	<a href='https://www.google.com/maps/place/45.5031737,-75.8080230' target='_blank'>Local street map of course</a>	<a href='https://www.google.com/maps/dir/?api=1&destination=45.5031737,-75.8080230&travelmode=driving' target='_blank'>Driving directions to course</a>		
ON-2025-016-PTBA	2025	Caroline St Calibration Course	300	m	Burlington	ON		Ontario	Burlington,Ontario	43.3248924	-79.7966835	PURPLE	<a href='https://www.acroad.ca/certificates/2025/ON-2025-016-PTBA.pdf' target='_blank'>ON-2025-016-PTBA</a>	<a href='https://www.google.com/maps/place/43.3248924,-79.7966835' target='_blank'>Local street map of course</a>	<a href='https://www.google.com/maps/dir/?api=1&destination=43.3248924,-79.7966835&travelmode=driving' target='_blank'>Driving directions to course</a>		
BC-2025-019-PTBA	2025	Condensory Rd 389.753m Calibration	389.753	m	Courtenay	BC		British Columbia	Courtenay,British Columbia	49.6894061	-124.9954959	PURPLE	<a href='https://www.acroad.ca/certificates/2025/BC-2025-019-PTBA.pdf' target='_blank'>BC-2025-019-PTBA</a>	<a href='https://www.google.com/maps/place/49.6894061,-124.9954959' target='_blank'>Local street map of course</a>	<a href='https://www.google.com/maps/dir/?api=1&destination=49.6894061,-124.9954959&travelmode=driving' target='_blank'>Driving directions to course</a>		
QC-2024-004-LJJL	2024	Étalon 300 m Piste Cyclable Boulevard Dr-Gervais	300	m	Mont-Tremblant	QC		Quebec	Mont-Tremblant,Quebec	46.1158800	-74.5891426	PURPLE	<a href='https://www.acroad.ca/certificates/2025/QC-2024-004-LJJL.pdf' target='_blank'>QC-2024-004-LJJL</a>	<a href='https://www.google.com/maps/place/46.1158800,-74.5891426' target='_blank'>Local street map of course</a>	<a href='https://www.google.com/maps/dir/?api=1&destination=46.1158800,-74.5891426&travelmode=driving' target='_blank'>Driving directions to course</a>		
ON-2025-030-BDC	2025	First St Calibration Course	300	m	Cornwall	ON		Ontario	Cornwall,Ontario	45.0469989	-74.7333845	PURPLE	<a href='https://www.acroad.ca/certificates/2025/ON-2025-030-BDC.pdf' target='_blank'>ON-2025-030-BDC</a>	<a href='https://www.google.com/maps/place/45.0469989,-74.7333845' target='_blank'>Local street map of course</a>	<a href='https://www.google.com/maps/dir/?api=1&destination=45.0469989,-74.7333845&travelmode=driving' target='_blank'>Driving directions to course</a>		
BC-2025-001-PTBA	2025	Illecillewaet Greenbelt Pathway Calibration	300.000	m	Revelstoke	BC		British Columbia	Revelstoke,British Columbia	50.9980450	-118.1956709	PURPLE	<a href='https://www.acroad.ca/certificates/2025/BC-2025-001-PTBA.pdf' target='_blank'>BC-2025-001-PTBA</a>	<a href='https://www.google.com/maps/place/50.9980450,-118.1956709' target='_blank'>Local street map of course</a>	<a href='https://www.google.com/maps/dir/?api=1&destination=50.9980450,-118.1956709&travelmode=driving' target='_blank'>Driving directions to course</a>		
ARU-2025-001-BDC	2025	Italiestraat 300 m Calibration Course	300	m	Oranjestad				Oranjestad	12.5201024	-70.0371329	PURPLE	<a href='https://www.acroad.ca/certificates/2025/ARU-2025-001-BDC.pdf' target='_blank'>ARU-2025-001-BDC</a>	<a href='https://www.google.com/maps/place/12.5201024,-70.0371329' target='_blank'>Local street map of course</a>	<a href='https://www.google.com/maps/dir/?api=1&destination=12.5201024,-70.0371329&travelmode=driving' target='_blank'>Driving directions to course</a>		
ON-2025-008-BDC	2025	Kichi Zibi Mikam 300 m Calibration Course	300	m	Ottawa	ON		Ontario	Ottawa,Ontario	45.4208777	-75.6901106	PURPLE	<a href='https://www.acroad.ca/certificates/2025/ON-2025-008-BDC.pdf' target='_blank'>ON-2025-008-BDC</a>	<a href='https://www.google.com/maps/place/45.4208777,-75.6901106' target='_blank'>Local street map of course</a>	<a href='https://www.google.com/maps/dir/?api=1&destination=45.4208777,-75.6901106&travelmode=driving' target='_blank'>Driving directions to course</a>		
ON-2025-021-BDC	2025	Lake Driveway W 500 m Calibration Course (Ajax)	500	m	Ajax	ON		Ontario	Ajax,Ontario	43.8505287	-79.0208814	PURPLE	<a href='https://www.acroad.ca/certificates/2025/ON-2025-021-BDC.pdf' target='_blank'>ON-2025-021-BDC</a>	<a href='https://www.google.com/maps/place/43.8505287,-79.0208814' target='_blank'>Local street map of course</a>	<a href='https://www.google.com/maps/dir/?api=1&destination=43.8505287,-79.0208814&travelmode=driving' target='_blank'>Driving directions to course</a>		
ON-2025-033-LJJL	2025	Old Montreal Road 300 m Calibration Course	300	m	Cumberland	ON		Ontario	Cumberland,Ontario	45.5167675	-75.4107026	PURPLE	<a href='https://www.acroad.ca/certificates/2025/ON-2025-033-LJJL.pdf' target='_blank'>ON-2025-033-LJJL</a>	<a href='https://www.google.com/maps/place/45.5167675,-75.4107026' target='_blank'>Local street map of course</a>	<a href='https://www.google.com/maps/dir/?api=1&destination=45.5167675,-75.4107026&travelmode=driving' target='_blank'>Driving directions to course</a>		
ON-2025-001-LJJL	2025	Ontario Street 300 m Calibration Course	300.000	m	Kingston	ON		Ontario	Kingston,Ontario	44.3054151	-76.4283781	PURPLE	<a href='https://www.acroad.ca/certificates/2025/ON-2025-001-LJJL.pdf' target='_blank'>ON-2025-001-LJJL</a>	<a href='https://www.google.com/maps/place/44.3054151,-76.4283781' target='_blank'>Local street map of course</a>	<a href='https://www.google.com/maps/dir/?api=1&destination=44.3054151,-76.4283781&travelmode=driving' target='_blank'>Driving directions to course</a>		
ME-2025-015-LJJL	2025	Pleasant Street 300 m Calibration Course	300	m	Lubec, Maine				Lubec, Maine	44.8611720	-66.9835010	PURPLE	<a href='https://www.acroad.ca/certificates/2025/ME-2025-015-LJJL.pdf' target='_blank'>ME-2025-015-LJJL</a>	<a href='https://www.google.com/maps/place/44.8611720,-66.9835010' target='_blank'>Local street map of course</a>	<a href='https://www.google.com/maps/dir/?api=1&destination=44.8611720,-66.9835010&travelmode=driving' target='_blank'>Driving directions to course</a>		
ON-2024-052-BDC	2024	Princes' Blvd 300 m Cal Course	300	m	Toronto	ON		Ontario	Toronto,Ontario	43.6534817	-79.3839347	PURPLE	<a href='https://www.acroad.ca/certificates/2025/ON-2024-052-BDC.pdf' target='_blank'>ON-2024-052-BDC</a>	<a href='https://www.google.com/maps/place/43.6534817,-79.3839347' target='_blank'>Local street map of course</a>	<a href='https://www.google.com/maps/dir/?api=1&destination=43.6534817,-79.3839347&travelmode=driving' target='_blank'>Driving directions to course</a>		
MB-2025-023-LJJL	2025	Robert Bockstael Drive 300 m Calibration Course	300	m	Winnipeg	MB		Manitoba	Winnipeg,Manitoba	49.8955367	-97.1384584	PURPLE	<a href='https://www.acroad.ca/certificates/2025/MB-2025-023-LJJL.pdf' target='_blank'>MB-2025-023-LJJL</a>	<a href='https://www.google.com/maps/place/49.8955367,-97.1384584' target='_blank'>Local street map of course</a>	<a href='https://www.google.com/maps/dir/?api=1&destination=49.8955367,-97.1384584&travelmode=driving' target='_blank'>Driving directions to course</a>		
BC-2025-003-PTBA	2025	School Road Lavington Calibration	300.000	m	Lavington	BC		British Columbia	Lavington,British Columbia	50.2332332	-119.1076937	PURPLE	<a href='https://www.acroad.ca/certificates/2025/BC-2025-003-PTBA.pdf' target='_blank'>BC-2025-003-PTBA</a>	<a href='https://www.google.com/maps/place/50.2332332,-119.1076937' target='_blank'>Local street map of course</a>	<a href='https://www.google.com/maps/dir/?api=1&destination=50.2332332,-119.1076937&travelmode=driving' target='_blank'>Driving directions to course</a>		
QC-2024-016-LJJL	2024	300 m Étalon Promenade Lumineuse	300	m	Sherbrooke	QC		Quebec	Sherbrooke,Quebec	45.4032710	-71.8890380	PURPLE	<a href='https://www.acroad.ca/certificates/2024/QC-2024-016-LJJL.pdf' target='_blank'>QC-2024-016-LJJL</a>	<a href='https://www.google.com/maps/place/45.4032710,-71.8890380' target='_blank'>Local street map of course</a>	<a href='https://www.google.com/maps/dir/?api=1&destination=45.4032710,-71.8890380&travelmode=driving' target='_blank'>Driving directions to course</a>		
MB-2024-015-DRY	2024	Armstrong Ave West Cal Course	300.00	m	Winnipeg	MB		Manitoba	Winnipeg,Manitoba	49.8955367	-97.1384584	PURPLE	<a href='https://www.acroad.ca/certificates/2024/MB-2024-015-DRY.pdf' target='_blank'>MB-2024-015-DRY</a>	<a href='https://www.google.com/maps/place/49.8955367,-97.1384584' target='_blank'>Local street map of course</a>	<a href='https://www.google.com/maps/dir/?api=1&destination=49.8955367,-97.1384584&travelmode=driving' target='_blank'>Driving directions to course</a>		
ARU-2024-019-LJJL	2024	Calibration Course 'Golfweg' 300 m	300	m	Sanicolas				Sanicolas	19.3587297	-99.4843943	PURPLE	<a href='https://www.acroad.ca/certificates/2024/ARU-2024-019-LJJL.pdf' target='_blank'>ARU-2024-019-LJJL</a>	<a href='https://www.google.com/maps/place/19.3587297,-99.4843943' target='_blank'>Local street map of course</a>	<a href='https://www.google.com/maps/dir/?api=1&destination=19.3587297,-99.4843943&travelmode=driving' target='_blank'>Driving directions to course</a>		
ON-2024-020-DRY	2024	Chatham Airport 300 m Calibration Course	300.00	m	Chatham	ON		Ontario	Chatham,Ontario	42.4057219	-82.1853837	PURPLE	<a href='https://www.acroad.ca/certificates/2024/ON-2024-020-DRY.pdf' target='_blank'>ON-2024-020-DRY</a>	<a href='https://www.google.com/maps/place/42.4057219,-82.1853837' target='_blank'>Local street map of course</a>	<a href='https://www.google.com/maps/dir/?api=1&destination=42.4057219,-82.1853837&travelmode=driving' target='_blank'>Driving directions to course</a>		
MB-2024-002-DRY	2024	Diversity Dr Bike Path Calibration Course	300.000	m	Winnipeg	MB		Manitoba	Winnipeg,Manitoba	49.8955367	-97.1384584	PURPLE	<a href='https://www.acroad.ca/certificates/2024/MB-2024-002-DRY.pdf' target='_blank'>MB-2024-002-DRY</a>	<a href='https://www.google.com/maps/place/49.8955367,-97.1384584' target='_blank'>Local street map of course</a>	<a href='https://www.google.com/maps/dir/?api=1&destination=49.8955367,-97.1384584&travelmode=driving' target='_blank'>Driving directions to course</a>		
AB-2024-019-PTBA	2024	Edmonton Marathon Calibration Course	499.995	m	Edmonton	AB		Alberta	Edmonton,Alberta	53.5462055	-113.4912410	PURPLE	<a href='https://www.acroad.ca/certificates/2024/AB-2024-019-PTBA.pdf' target='_blank'>AB-2024-019-PTBA</a>	<a href='https://www.google.com/maps/place/53.5462055,-113.4912410' target='_blank'>Local street map of course</a>	<a href='https://www.google.com/maps/dir/?api=1&destination=53.5462055,-113.4912410&travelmode=driving' target='_blank'>Driving directions to course</a>		
QC-2024-026-LJJL	2024	Étalon 300 m piste cyclable Centre Vidéotron	300	m	Québec	QC		Quebec	Québec,Quebec	46.8137431	-71.2084061	PURPLE	<a href='https://www.acroad.ca/certificates/2024/QC-2024-026-LJJL.pdf' target='_blank'>QC-2024-026-LJJL</a>	<a href='https://www.google.com/maps/place/46.8137431,-71.2084061' target='_blank'>Local street map of course</a>	<a href='https://www.google.com/maps/dir/?api=1&destination=46.8137431,-71.2084061&travelmode=driving' target='_blank'>Driving directions to course</a>		
QC-2024-023-LJJL	2024	Étalon de 500 m Boulevard Céléron	500	m	Blainville	QC		Quebec	Blainville,Quebec	45.6793200	-73.8761900	PURPLE	<a href='https://www.acroad.ca/certificates/2024/QC-2024-023-LJJL.pdf' target='_blank'>QC-2024-023-LJJL</a>	<a href='https://www.google.com/maps/place/45.6793200,-73.8761900' target='_blank'>Local street map of course</a>	<a href='https://www.google.com/maps/dir/?api=1&destination=45.6793200,-73.8761900&travelmode=driving' target='_blank'>Driving directions to course</a>		
QC-2024-008-DRY	2024	Étalons 300m Grand Axe U Laval	300	m	Quebec	QC		Quebec	Quebec,Quebec	46.8137431	-71.2084061	PURPLE	<a href='https://www.acroad.ca/certificates/2024/QC-2024-008-DRY.pdf' target='_blank'>QC-2024-008-DRY</a>	<a href='https://www.google.com/maps/place/46.8137431,-71.2084061' target='_blank'>Local street map of course</a>	<a href='https://www.google.com/maps/dir/?api=1&destination=46.8137431,-71.2084061&travelmode=driving' target='_blank'>Driving directions to course</a>		
NB-2024-050-BDC	2024	Fredericton Northside Trail 300 m Calibration Course	300	m	Fredericton	NB		New Brunswick	Fredericton,New Brunswick	45.9488278	-66.6291827	PURPLE	<a href='https://www.acroad.ca/certificates/2024/NB-2024-050-BDC.pdf' target='_blank'>NB-2024-050-BDC</a>	<a href='https://www.google.com/maps/place/45.9488278,-66.6291827' target='_blank'>Local street map of course</a>	<a href='https://www.google.com/maps/dir/?api=1&destination=45.9488278,-66.6291827&travelmode=driving' target='_blank'>Driving directions to course</a>		
ON-2024-042-BDC	2024	Kitchener St. 300 m Calibration Course	300	m	Niagara Falls	ON		Ontario	Niagara Falls,Ontario	43.1065603	-79.0639039	PURPLE	<a href='https://www.acroad.ca/certificates/2024/ON-2024-042-BDC.pdf' target='_blank'>ON-2024-042-BDC</a>	<a href='https://www.google.com/maps/place/43.1065603,-79.0639039' target='_blank'>Local street map of course</a>	<a href='https://www.google.com/maps/dir/?api=1&destination=43.1065603,-79.0639039&travelmode=driving' target='_blank'>Driving directions to course</a>		
SK-2024-021-BDC	2024	Moose Jaw Park Drive Calibration Course	300	m	Moose Jaw	SK		Saskatchewan	Moose Jaw,Saskatchewan	50.3967209	-105.5356660	PURPLE	<a href='https://www.acroad.ca/certificates/2024/SK-2024-021-BDC.pdf' target='_blank'>SK-2024-021-BDC</a>	<a href='https://www.google.com/maps/place/50.3967209,-105.5356660' target='_blank'>Local street map of course</a>	<a href='https://www.google.com/maps/dir/?api=1&destination=50.3967209,-105.5356660&travelmode=driving' target='_blank'>Driving directions to course</a>		
QC-2024-004-PTBA	2024	Parc Lac Leamy Calibration Course	300.000	m	Gatineau	QC		Quebec	Gatineau,Quebec	45.4277659	-75.7109760	PURPLE	<a href='https://www.acroad.ca/certificates/2024/QC-2024-004-PTBA.pdf' target='_blank'>QC-2024-004-PTBA</a>	<a href='https://www.google.com/maps/place/45.4277659,-75.7109760' target='_blank'>Local street map of course</a>	<a href='https://www.google.com/maps/dir/?api=1&destination=45.4277659,-75.7109760&travelmode=driving' target='_blank'>Driving directions to course</a>		
QC-2024-003-LJJL	2024	Parcours Étalon 300m rue Leclerc	300	m	Dolbeau-Mistassini	QC		Quebec	Dolbeau-Mistassini,Quebec	48.8832310	-72.2337340	PURPLE	<a href='https://www.acroad.ca/certificates/2024/QC-2024-003-LJJL.pdf' target='_blank'>QC-2024-003-LJJL</a>	<a href='https://www.google.com/maps/place/48.8832310,-72.2337340' target='_blank'>Local street map of course</a>	<a href='https://www.google.com/maps/dir/?api=1&destination=48.8832310,-72.2337340&travelmode=driving' target='_blank'>Driving directions to course</a>		
BC-2024-037-BDC	2024	Pipeline Road 300 m Calibration Course	300	m	Stanley Park, Vancouver	BC		British Columbia	Stanley Park, Vancouver,British Columbia	49.3020684	-123.1413263	PURPLE	<a href='https://www.acroad.ca/certificates/2024/BC-2024-037-BDC.pdf' target='_blank'>BC-2024-037-BDC</a>	<a href='https://www.google.com/maps/place/49.3020684,-123.1413263' target='_blank'>Local street map of course</a>	<a href='https://www.google.com/maps/dir/?api=1&destination=49.3020684,-123.1413263&travelmode=driving' target='_blank'>Driving directions to course</a>		
NB-2024-005-PTBA	2024	Pointe Du Chêne Rd. Calibration Course	300.000	m	Shediac	NB		New Brunswick	Shediac,New Brunswick	46.2194540	-64.5492146	PURPLE	<a href='https://www.acroad.ca/certificates/2024/NB-2024-005-PTBA.pdf' target='_blank'>NB-2024-005-PTBA</a>	<a href='https://www.google.com/maps/place/46.2194540,-64.5492146' target='_blank'>Local street map of course</a>	<a href='https://www.google.com/maps/dir/?api=1&destination=46.2194540,-64.5492146&travelmode=driving' target='_blank'>Driving directions to course</a>		
SK-2024-045-BDC	2024	Preston Ave N 300 m Calibration Course	300	m	Saskatoon	SK		Saskatchewan	Saskatoon,Saskatchewan	52.1318020	-106.6607670	PURPLE	<a href='https://www.acroad.ca/certificates/2024/SK-2024-045-BDC.pdf' target='_blank'>SK-2024-045-BDC</a>	<a href='https://www.google.com/maps/place/52.1318020,-106.6607670' target='_blank'>Local street map of course</a>	<a href='https://www.google.com/maps/dir/?api=1&destination=52.1318020,-106.6607670&travelmode=driving' target='_blank'>Driving directions to course</a>		
SK-2024-016-BDC	2024	Prince Albert River Street 300 m Calibration Course	300	m	Prince Albert	SK		Saskatchewan	Prince Albert,Saskatchewan	53.2020289	-105.7558962	PURPLE	<a href='https://www.acroad.ca/certificates/2024/SK-2024-016-BDC.pdf' target='_blank'>SK-2024-016-BDC</a>	<a href='https://www.google.com/maps/place/53.2020289,-105.7558962' target='_blank'>Local street map of course</a>	<a href='https://www.google.com/maps/dir/?api=1&destination=53.2020289,-105.7558962&travelmode=driving' target='_blank'>Driving directions to course</a>		
SK-2024-010-PTBA	2024	RCMP Depot Calibration Course	300.000	m	Regina	SK		Saskatchewan	Regina,Saskatchewan	50.4479733	-104.6158764	PURPLE	<a href='https://www.acroad.ca/certificates/2024/SK-2024-010-PTBA.pdf' target='_blank'>SK-2024-010-PTBA</a>	<a href='https://www.google.com/maps/place/50.4479733,-104.6158764' target='_blank'>Local street map of course</a>	<a href='https://www.google.com/maps/dir/?api=1&destination=50.4479733,-104.6158764&travelmode=driving' target='_blank'>Driving directions to course</a>		
ON-2024-015-PTBA	2024	Roger St, Sudbury Calibration Course	342.287	m	Sudbury	ON		Ontario	Sudbury,Ontario	46.4927200	-80.9912110	PURPLE	<a href='https://www.acroad.ca/certificates/2024/ON-2024-015-PTBA.pdf' target='_blank'>ON-2024-015-PTBA</a>	<a href='https://www.google.com/maps/place/46.4927200,-80.9912110' target='_blank'>Local street map of course</a>	<a href='https://www.google.com/maps/dir/?api=1&destination=46.4927200,-80.9912110&travelmode=driving' target='_blank'>Driving directions to course</a>		
MB-2024-001-DRY	2024	Rue Vandale Calibration Course	300.000	m	St Anne	MB		Manitoba	St Anne,Manitoba	49.6711222	-96.6536701	PURPLE	<a href='https://www.acroad.ca/certificates/2024/MB-2024-001-DRY.pdf' target='_blank'>MB-2024-001-DRY</a>	<a href='https://www.google.com/maps/place/49.6711222,-96.6536701' target='_blank'>Local street map of course</a>	<a href='https://www.google.com/maps/dir/?api=1&destination=49.6711222,-96.6536701&travelmode=driving' target='_blank'>Driving directions to course</a>		
SK-2017-002A-PTBA	2017	Ruth Street Calibration Course	304.469	m	Saskatoon	SK		Saskatchewan	Saskatoon,Saskatchewan	52.1318020	-106.6607670	PURPLE	<a href='https://www.acroad.ca/certificates/2024/SK-2017-002a-PTBA.pdf' target='_blank'>SK-2017-002A-PTBA</a>	<a href='https://www.google.com/maps/place/52.1318020,-106.6607670' target='_blank'>Local street map of course</a>	<a href='https://www.google.com/maps/dir/?api=1&destination=52.1318020,-106.6607670&travelmode=driving' target='_blank'>Driving directions to course</a>		SK-2017-002-PTBA
MB-2024-010-BDC	2024	Second St W 300 m Calibration Course	300	m	Stonewall	MB		Manitoba	Stonewall,Manitoba	50.1347338	-97.3266552	PURPLE	<a href='https://www.acroad.ca/certificates/2024/MB-2024-010-BDC.pdf' target='_blank'>MB-2024-010-BDC</a>	<a href='https://www.google.com/maps/place/50.1347338,-97.3266552' target='_blank'>Local street map of course</a>	<a href='https://www.google.com/maps/dir/?api=1&destination=50.1347338,-97.3266552&travelmode=driving' target='_blank'>Driving directions to course</a>		
ON-2024-009-DRY	2024	Trans Canada Trail 300 m Calibration Course (Tillsonburg - E of Tillson Ave)	300.00	m	Tillsonburg	ON		Ontario	Tillsonburg,Ontario	42.8594940	-80.7265015	PURPLE	<a href='https://www.acroad.ca/certificates/2024/ON-2024-009-DRY.pdf' target='_blank'>ON-2024-009-DRY</a>	<a href='https://www.google.com/maps/place/42.8594940,-80.7265015' target='_blank'>Local street map of course</a>	<a href='https://www.google.com/maps/dir/?api=1&destination=42.8594940,-80.7265015&travelmode=driving' target='_blank'>Driving directions to course</a>		
BC-2023-029-PTBA	2023	25 Street Calibration Course	300.000	m	Vernon	BC		British Columbia	Vernon,British Columbia	50.2668671	-119.2718157	PURPLE	<a href='https://www.acroad.ca/certificates/2023/BC-2023-029-PTBA.pdf' target='_blank'>BC-2023-029-PTBA</a>	<a href='https://www.google.com/maps/place/50.2668671,-119.2718157' target='_blank'>Local street map of course</a>	<a href='https://www.google.com/maps/dir/?api=1&destination=50.2668671,-119.2718157&travelmode=driving' target='_blank'>Driving directions to course</a>		
QC-2023-020-LJJL	2023	300 m Étalon Run Poincarré	300	m	Montréal	QC		Quebec	Montréal,Quebec	45.5031824	-73.5698065	PURPLE	<a href='https://www.acroad.ca/certificates/2023/QC-2023-020-LJJL.pdf' target='_blank'>QC-2023-020-LJJL</a>	<a href='https://www.google.com/maps/place/45.5031824,-73.5698065' target='_blank'>Local street map of course</a>	<a href='https://www.google.com/maps/dir/?api=1&destination=45.5031824,-73.5698065&travelmode=driving' target='_blank'>Driving directions to course</a>		
QC-2023-004-LJJL	2023	Base étalon de 300m m Av. du Parc	300	m	Laval	QC		Quebec	Laval,Quebec	45.5571125	-73.7211779	PURPLE	<a href='https://www.acroad.ca/certificates/2023/QC-2023-004-LJJL.pdf' target='_blank'>QC-2023-004-LJJL</a>	<a href='https://www.google.com/maps/place/45.5571125,-73.7211779' target='_blank'>Local street map of course</a>	<a href='https://www.google.com/maps/dir/?api=1&destination=45.5571125,-73.7211779&travelmode=driving' target='_blank'>Driving directions to course</a>		
BC-2023-006-LJJL	2023	Blackwell Road 300 m Calibration Course	300.000	m	Barnhartvale	BC		British Columbia	Barnhartvale,British Columbia	50.6509939	-120.1713306	PURPLE	<a href='https://www.acroad.ca/certificates/2023/BC-2023-006-LJJL.pdf' target='_blank'>BC-2023-006-LJJL</a>	<a href='https://www.google.com/maps/place/50.6509939,-120.1713306' target='_blank'>Local street map of course</a>	<a href='https://www.google.com/maps/dir/?api=1&destination=50.6509939,-120.1713306&travelmode=driving' target='_blank'>Driving directions to course</a>		
MB-2023-011-DRY	2023	Causeway Road Calibration Course	300.00	m	Grand Beach Park	MB		Manitoba	Grand Beach Park,Manitoba			PURPLE	<a href='https://www.acroad.ca/certificates/2023/MB-2023-011-DRY.pdf' target='_blank'>MB-2023-011-DRY</a>				
BC-2023-007-LJJL	2023	Clearview Drive 300 m Calibration Course	300.000	m	Barnhartvale	BC		British Columbia	Barnhartvale,British Columbia	50.6509939	-120.1713306	PURPLE	<a href='https://www.acroad.ca/certificates/2023/BC-2023-007-LJJL.pdf' target='_blank'>BC-2023-007-LJJL</a>	<a href='https://www.google.com/maps/place/50.6509939,-120.1713306' target='_blank'>Local street map of course</a>	<a href='https://www.google.com/maps/dir/?api=1&destination=50.6509939,-120.1713306&travelmode=driving' target='_blank'>Driving directions to course</a>		
MB-2023-019-BDC	2023	East Gate 300 m Calibration Course	300	m	Winnipeg	MB		Manitoba	Winnipeg,Manitoba	49.8955367	-97.1384584	PURPLE	<a href='https://www.acroad.ca/certificates/2023/MB-2023-019-BDC.pdf' target='_blank'>MB-2023-019-BDC</a>	<a href='https://www.google.com/maps/place/49.8955367,-97.1384584' target='_blank'>Local street map of course</a>	<a href='https://www.google.com/maps/dir/?api=1&destination=49.8955367,-97.1384584&travelmode=driving' target='_blank'>Driving directions to course</a>		
AB-2023-012-DRY	2023	Edmonton Marathon Calibration Course	500.00	m	Edmonton	AB		Alberta	Edmonton,Alberta	53.5462055	-113.4912410	PURPLE	<a href='https://www.acroad.ca/certificates/2023/AB-2023-012-DRY.pdf' target='_blank'>AB-2023-012-DRY</a>	<a href='https://www.google.com/maps/place/53.5462055,-113.4912410' target='_blank'>Local street map of course</a>	<a href='https://www.google.com/maps/dir/?api=1&destination=53.5462055,-113.4912410&travelmode=driving' target='_blank'>Driving directions to course</a>		
BC-2014-001-PTBA	2014	ElkBeaver V&S 300m Calibration	300.000	m	Saanich	BC		British Columbia	Saanich,British Columbia	48.4594315	-123.3764940	PURPLE	<a href='https://www.acroad.ca/certificates/2023/BC-2014-001-PTBA.pdf' target='_blank'>BC-2014-001-PTBA</a>	<a href='https://www.google.com/maps/place/48.4594315,-123.3764940' target='_blank'>Local street map of course</a>	<a href='https://www.google.com/maps/dir/?api=1&destination=48.4594315,-123.3764940&travelmode=driving' target='_blank'>Driving directions to course</a>		
QC-2023-012-LJJL	2023	Étalon 300 m Le P"tit Train du Nord	300.000	m	Rivière-Rouge	QC		Quebec	Rivière-Rouge,Quebec	46.4097246	-74.8704671	PURPLE	<a href='https://www.acroad.ca/certificates/2023/QC-2023-012-LJJL.pdf' target='_blank'>QC-2023-012-LJJL</a>	<a href='https://www.google.com/maps/place/46.4097246,-74.8704671' target='_blank'>Local street map of course</a>	<a href='https://www.google.com/maps/dir/?api=1&destination=46.4097246,-74.8704671&travelmode=driving' target='_blank'>Driving directions to course</a>		
ON-2023-002-DRY	2023	Huron St Access Road Calibration Course	300.00	m	Sault Ste Marie	ON		Ontario	Sault Ste Marie,Ontario	46.5126554	-84.3330301	PURPLE	<a href='https://www.acroad.ca/certificates/2023/ON-2023-002-DRY.pdf' target='_blank'>ON-2023-002-DRY</a>	<a href='https://www.google.com/maps/place/46.5126554,-84.3330301' target='_blank'>Local street map of course</a>	<a href='https://www.google.com/maps/dir/?api=1&destination=46.5126554,-84.3330301&travelmode=driving' target='_blank'>Driving directions to course</a>		
ON-2023-009-DRY	2023	Huron St Access Road Calibration Course	300.00	m	Brampton	ON		Ontario	Brampton,Ontario	43.6858320	-79.7599366	PURPLE	<a href='https://www.acroad.ca/certificates/2023/ON-2023-009-DRY.pdf' target='_blank'>ON-2023-009-DRY</a>	<a href='https://www.google.com/maps/place/43.6858320,-79.7599366' target='_blank'>Local street map of course</a>	<a href='https://www.google.com/maps/dir/?api=1&destination=43.6858320,-79.7599366&travelmode=driving' target='_blank'>Driving directions to course</a>		
BC-2023-025-PTBA	2023	Kettle Valley Rail Trail Calibration	300.000	m	Penticton	BC		British Columbia	Penticton,British Columbia	49.5003268	-119.5932490	PURPLE	<a href='https://www.acroad.ca/certificates/2023/BC-2023-025-PTBA.pdf' target='_blank'>BC-2023-025-PTBA</a>	<a href='https://www.google.com/maps/place/49.5003268,-119.5932490' target='_blank'>Local street map of course</a>	<a href='https://www.google.com/maps/dir/?api=1&destination=49.5003268,-119.5932490&travelmode=driving' target='_blank'>Driving directions to course</a>		
BC-2023-009-PTBA	2023	Lake Ave Calibration Course	300.000	m	Peachland	BC		British Columbia	Peachland,British Columbia	49.7666670	-119.7500000	PURPLE	<a href='https://www.acroad.ca/certificates/2023/BC-2023-009-PTBA.pdf' target='_blank'>BC-2023-009-PTBA</a>	<a href='https://www.google.com/maps/place/49.7666670,-119.7500000' target='_blank'>Local street map of course</a>	<a href='https://www.google.com/maps/dir/?api=1&destination=49.7666670,-119.7500000&travelmode=driving' target='_blank'>Driving directions to course</a>		
BC-2023-026-PTBA	2023	Lower Bench Road Calibration	300.000	m	Penticton	BC		British Columbia	Penticton,British Columbia	49.5003268	-119.5932490	PURPLE	<a href='https://www.acroad.ca/certificates/2023/BC-2023-026-PTBA.pdf' target='_blank'>BC-2023-026-PTBA</a>	<a href='https://www.google.com/maps/place/49.5003268,-119.5932490' target='_blank'>Local street map of course</a>	<a href='https://www.google.com/maps/dir/?api=1&destination=49.5003268,-119.5932490&travelmode=driving' target='_blank'>Driving directions to course</a>		
ON-2023-014-DRY	2023	Marsh Line 300 m Calibration Course	300.00	m	West Lorne	ON		Ontario	West Lorne,Ontario	42.6037674	-81.6066775	PURPLE	<a href='https://www.acroad.ca/certificates/2023/ON-2023-014-DRY.pdf' target='_blank'>ON-2023-014-DRY</a>	<a href='https://www.google.com/maps/place/42.6037674,-81.6066775' target='_blank'>Local street map of course</a>	<a href='https://www.google.com/maps/dir/?api=1&destination=42.6037674,-81.6066775&travelmode=driving' target='_blank'>Driving directions to course</a>		
ON-2023-024-DRY	2023	Merrickville Heritage Classic Calibration Course	400.00	m	Merrickville	ON		Ontario	Merrickville,Ontario	44.9161119	-75.8369285	PURPLE	<a href='https://www.acroad.ca/certificates/2023/ON-2023-024-DRY.pdf' target='_blank'>ON-2023-024-DRY</a>	<a href='https://www.google.com/maps/place/44.9161119,-75.8369285' target='_blank'>Local street map of course</a>	<a href='https://www.google.com/maps/dir/?api=1&destination=44.9161119,-75.8369285&travelmode=driving' target='_blank'>Driving directions to course</a>		
BC-2022-066-BDC	2022	Monterey Ave 299.998m Calibration Course	299.998	m	Oak Bay	BC		British Columbia	Oak Bay,British Columbia	48.4261126	-123.3170727	PURPLE	<a href='https://www.acroad.ca/certificates/2023/BC-2022-066-BDC.pdf' target='_blank'>BC-2022-066-BDC</a>	<a href='https://www.google.com/maps/place/48.4261126,-123.3170727' target='_blank'>Local street map of course</a>	<a href='https://www.google.com/maps/dir/?api=1&destination=48.4261126,-123.3170727&travelmode=driving' target='_blank'>Driving directions to course</a>		
NB-2023-018-DRY	2023	Perth-Andover 300m Calibration Course	300.00	m	Perth-Andover	NB		New Brunswick	Perth-Andover,New Brunswick	46.7384475	-67.7057484	PURPLE	<a href='https://www.acroad.ca/certificates/2023/NB-2023-018-DRY.pdf' target='_blank'>NB-2023-018-DRY</a>	<a href='https://www.google.com/maps/place/46.7384475,-67.7057484' target='_blank'>Local street map of course</a>	<a href='https://www.google.com/maps/dir/?api=1&destination=46.7384475,-67.7057484&travelmode=driving' target='_blank'>Driving directions to course</a>		
SK-2023-021-LJJL	2023	Preston AVenue 350.037 m Calibration Course	350.037	m	Saskatoon	SK		Saskatchewan	Saskatoon,Saskatchewan	52.1318020	-106.6607670	PURPLE	<a href='https://www.acroad.ca/certificates/2023/SK-2023-021-LJJL.pdf' target='_blank'>SK-2023-021-LJJL</a>	<a href='https://www.google.com/maps/place/52.1318020,-106.6607670' target='_blank'>Local street map of course</a>	<a href='https://www.google.com/maps/dir/?api=1&destination=52.1318020,-106.6607670&travelmode=driving' target='_blank'>Driving directions to course</a>		
NB-2019-037-BDC	2019	Queen St. 346.428 m Calibration Course	346.428	m	St Andrews	NB		New Brunswick	St Andrews,New Brunswick	45.0749302	-67.0516937	PURPLE	<a href='https://www.acroad.ca/certificates/2023/NB-2019-037-BDC.pdf' target='_blank'>NB-2019-037-BDC</a>	<a href='https://www.google.com/maps/place/45.0749302,-67.0516937' target='_blank'>Local street map of course</a>	<a href='https://www.google.com/maps/dir/?api=1&destination=45.0749302,-67.0516937&travelmode=driving' target='_blank'>Driving directions to course</a>		
NB-2023-013-BDC	2023	Route 105 - 300 m Calibration Course	300	m	Woodstock	NB		New Brunswick	Woodstock,New Brunswick	46.1503460	-67.5734710	PURPLE	<a href='https://www.acroad.ca/certificates/2023/NB-2023-013-BDC.pdf' target='_blank'>NB-2023-013-BDC</a>	<a href='https://www.google.com/maps/place/46.1503460,-67.5734710' target='_blank'>Local street map of course</a>	<a href='https://www.google.com/maps/dir/?api=1&destination=46.1503460,-67.5734710&travelmode=driving' target='_blank'>Driving directions to course</a>		
MB-2023-024-BDC	2023	St. Michael's Rd. 300 m Calibration Course	300	m	Winnipeg	MB		Manitoba	Winnipeg,Manitoba	49.8955367	-97.1384584	PURPLE	<a href='https://www.acroad.ca/certificates/2023/MB-2023-024-BDC.pdf' target='_blank'>MB-2023-024-BDC</a>	<a href='https://www.google.com/maps/place/49.8955367,-97.1384584' target='_blank'>Local street map of course</a>	<a href='https://www.google.com/maps/dir/?api=1&destination=49.8955367,-97.1384584&travelmode=driving' target='_blank'>Driving directions to course</a>		
BC-2022-005-DRY	2022	Bottom Wood Lake Road Calibration Course	317.083	m	Lake Country	BC		British Columbia	Lake Country,British Columbia	50.0302364	-119.4023310	PURPLE	<a href='https://www.acroad.ca/certificates/2022/BC-2022-005-DRY.pdf' target='_blank'>BC-2022-005-DRY</a>	<a href='https://www.google.com/maps/place/50.0302364,-119.4023310' target='_blank'>Local street map of course</a>	<a href='https://www.google.com/maps/dir/?api=1&destination=50.0302364,-119.4023310&travelmode=driving' target='_blank'>Driving directions to course</a>		
BC-2022-027-PTBA	2022	Chestnut Ave Calibration Course	333.820	m	Kamloops	BC		British Columbia	Kamloops,British Columbia	50.6758269	-120.3394150	PURPLE	<a href='https://www.acroad.ca/certificates/2022/BC-2022-027-PTBA.pdf' target='_blank'>BC-2022-027-PTBA</a>	<a href='https://www.google.com/maps/place/50.6758269,-120.3394150' target='_blank'>Local street map of course</a>	<a href='https://www.google.com/maps/dir/?api=1&destination=50.6758269,-120.3394150&travelmode=driving' target='_blank'>Driving directions to course</a>		
ON-2022-016-DRY	2022	Crumlin Sideroad 300m Calibration Course	300.000	m	London	ON		Ontario	London,Ontario	42.9836747	-81.2496068	PURPLE	<a href='https://www.acroad.ca/certificates/2022/ON-2022-016-DRY.pdf' target='_blank'>ON-2022-016-DRY</a>	<a href='https://www.google.com/maps/place/42.9836747,-81.2496068' target='_blank'>Local street map of course</a>	<a href='https://www.google.com/maps/dir/?api=1&destination=42.9836747,-81.2496068&travelmode=driving' target='_blank'>Driving directions to course</a>		
BC-2022-020-PTBA	2022	Dixon Road 300.00m Calibration	300.000	m	Sooke	BC		British Columbia	Sooke,British Columbia	48.3825724	-123.7315170	PURPLE	<a href='https://www.acroad.ca/certificates/2022/BC-2022-020-PTBA.pdf' target='_blank'>BC-2022-020-PTBA</a>	<a href='https://www.google.com/maps/place/48.3825724,-123.7315170' target='_blank'>Local street map of course</a>	<a href='https://www.google.com/maps/dir/?api=1&destination=48.3825724,-123.7315170&travelmode=driving' target='_blank'>Driving directions to course</a>		
QC-2022-030-LJJL	2022	Étalon 300 m Parc René-Levesque	300	m	Lachine	QC		Quebec	Lachine,Quebec	45.4351140	-73.6837987	PURPLE	<a href='https://www.acroad.ca/certificates/2022/QC-2022-030-LJJL.pdf' target='_blank'>QC-2022-030-LJJL</a>	<a href='https://www.google.com/maps/place/45.4351140,-73.6837987' target='_blank'>Local street map of course</a>	<a href='https://www.google.com/maps/dir/?api=1&destination=45.4351140,-73.6837987&travelmode=driving' target='_blank'>Driving directions to course</a>		
QC-2022-028-LJJL	2022	Étalon de 300 m Rue Ambroise-Fafard	300	m	Baie Saint-Paul	QC		Quebec	Baie Saint-Paul,Quebec	47.4443430	-70.5054470	PURPLE	<a href='https://www.acroad.ca/certificates/2022/QC-2022-028-LJJL.pdf' target='_blank'>QC-2022-028-LJJL</a>	<a href='https://www.google.com/maps/place/47.4443430,-70.5054470' target='_blank'>Local street map of course</a>	<a href='https://www.google.com/maps/dir/?api=1&destination=47.4443430,-70.5054470&travelmode=driving' target='_blank'>Driving directions to course</a>		
NB-2022-011-PTBA	2022	Hampton 300m Calibration Course	300.000	m	Hampton	NB		New Brunswick	Hampton,New Brunswick	45.5306487	-65.8357469	PURPLE	<a href='https://www.acroad.ca/certificates/2022/NB-2022-011-PTBA.pdf' target='_blank'>NB-2022-011-PTBA</a>	<a href='https://www.google.com/maps/place/45.5306487,-65.8357469' target='_blank'>Local street map of course</a>	<a href='https://www.google.com/maps/dir/?api=1&destination=45.5306487,-65.8357469&travelmode=driving' target='_blank'>Driving directions to course</a>		
BC-2022-007-DRY	2022	International Hike and Bike Trail Calibration Course	377.280	m	Oliver	BC		British Columbia	Oliver,British Columbia	49.1833330	-119.5500000	PURPLE	<a href='https://www.acroad.ca/certificates/2022/BC-2022-007-DRY.pdf' target='_blank'>BC-2022-007-DRY</a>	<a href='https://www.google.com/maps/place/49.1833330,-119.5500000' target='_blank'>Local street map of course</a>	<a href='https://www.google.com/maps/dir/?api=1&destination=49.1833330,-119.5500000&travelmode=driving' target='_blank'>Driving directions to course</a>		
BC-2022-024-DRY	2022	Lochside Drive 494.465 Calibration	494.465	m	North Saanich	BC		British Columbia	North Saanich,British Columbia	48.6563671	-123.4327940	PURPLE	<a href='https://www.acroad.ca/certificates/2022/BC-2022-024-DRY.pdf' target='_blank'>BC-2022-024-DRY</a>	<a href='https://www.google.com/maps/place/48.6563671,-123.4327940' target='_blank'>Local street map of course</a>	<a href='https://www.google.com/maps/dir/?api=1&destination=48.6563671,-123.4327940&travelmode=driving' target='_blank'>Driving directions to course</a>		
NB-2022-009-LJJL	2022	Maher Street 300m Calibration Course	300	m	Miramichi	NB		New Brunswick	Miramichi,New Brunswick	47.0298004	-65.4704158	PURPLE	<a href='https://www.acroad.ca/certificates/2022/NB-2022-009-LJJL.pdf' target='_blank'>NB-2022-009-LJJL</a>	<a href='https://www.google.com/maps/place/47.0298004,-65.4704158' target='_blank'>Local street map of course</a>	<a href='https://www.google.com/maps/dir/?api=1&destination=47.0298004,-65.4704158&travelmode=driving' target='_blank'>Driving directions to course</a>		NB-2016-077-BDC
NB-2022-007-BDC	2022	Marysville Nashwaak 300 m Calibration Course	300	m	Marysville	NB		New Brunswick	Marysville,New Brunswick	45.9787128	-66.5882983	PURPLE	<a href='https://www.acroad.ca/certificates/2022/NB-2022-007-BDC.pdf' target='_blank'>NB-2022-007-BDC</a>	<a href='https://www.google.com/maps/place/45.9787128,-66.5882983' target='_blank'>Local street map of course</a>	<a href='https://www.google.com/maps/dir/?api=1&destination=45.9787128,-66.5882983&travelmode=driving' target='_blank'>Driving directions to course</a>		
BC-2022-006-DRY	2022	Okanagon Rail Trail by Redecopp Road Calibration Course	380.055	m	Lake Country	BC		British Columbia	Lake Country,British Columbia	50.0302364	-119.4023310	PURPLE	<a href='https://www.acroad.ca/certificates/2022/BC-2022-006-DRY.pdf' target='_blank'>BC-2022-006-DRY</a>	<a href='https://www.google.com/maps/place/50.0302364,-119.4023310' target='_blank'>Local street map of course</a>	<a href='https://www.google.com/maps/dir/?api=1&destination=50.0302364,-119.4023310&travelmode=driving' target='_blank'>Driving directions to course</a>		
QC-2022-023-LJJL	2022	Parcours Étalon 300 m Avenue Émile-Duployé	300	m	Montréal	QC		Quebec	Montréal,Quebec	45.5031824	-73.5698065	PURPLE	<a href='https://www.acroad.ca/certificates/2022/QC-2022-023-LJJL.pdf' target='_blank'>QC-2022-023-LJJL</a>	<a href='https://www.google.com/maps/place/45.5031824,-73.5698065' target='_blank'>Local street map of course</a>	<a href='https://www.google.com/maps/dir/?api=1&destination=45.5031824,-73.5698065&travelmode=driving' target='_blank'>Driving directions to course</a>		
QC-2016-002-LJJL	2016	Parcours Étalon 300 m Centrexpo	300	m	Drummondville	QC		Quebec	Drummondville,Quebec	45.8864303	-72.5018764	PURPLE	<a href='https://www.acroad.ca/certificates/2022/QC-2016-002-LJJL.pdf' target='_blank'>QC-2016-002-LJJL</a>	<a href='https://www.google.com/maps/place/45.8864303,-72.5018764' target='_blank'>Local street map of course</a>	<a href='https://www.google.com/maps/dir/?api=1&destination=45.8864303,-72.5018764&travelmode=driving' target='_blank'>Driving directions to course</a>		
QC-2022-036-BDC	2022	Parcours Étalon 300 m rue Sherbrooke	300	m	Montreal	QC		Quebec	Montreal,Quebec	45.5031824	-73.5698065	PURPLE	<a href='https://www.acroad.ca/certificates/2022/QC-2022-036-BDC.pdf' target='_blank'>QC-2022-036-BDC</a>	<a href='https://www.google.com/maps/place/45.5031824,-73.5698065' target='_blank'>Local street map of course</a>	<a href='https://www.google.com/maps/dir/?api=1&destination=45.5031824,-73.5698065&travelmode=driving' target='_blank'>Driving directions to course</a>		
BC-2022-004-PTBA	2022	Scott Road Calibration Course	330.912	m	Kelowna	BC		British Columbia	Kelowna,British Columbia	49.8879177	-119.4959020	PURPLE	<a href='https://www.acroad.ca/certificates/2022/BC-2022-004-PTBA.pdf' target='_blank'>BC-2022-004-PTBA</a>	<a href='https://www.google.com/maps/place/49.8879177,-119.4959020' target='_blank'>Local street map of course</a>	<a href='https://www.google.com/maps/dir/?api=1&destination=49.8879177,-119.4959020&travelmode=driving' target='_blank'>Driving directions to course</a>		
BC-2022-040-PTBA	2022	Sheppard Road 301.363m Calibration	301.363	m	Mill Bay	BC		British Columbia	Mill Bay,British Columbia	48.6510570	-123.5563660	PURPLE	<a href='https://www.acroad.ca/certificates/2022/BC-2022-040-PTBA.pdf' target='_blank'>BC-2022-040-PTBA</a>	<a href='https://www.google.com/maps/place/48.6510570,-123.5563660' target='_blank'>Local street map of course</a>	<a href='https://www.google.com/maps/dir/?api=1&destination=48.6510570,-123.5563660&travelmode=driving' target='_blank'>Driving directions to course</a>		
NB-2022-015-DRY	2022	Trites Road Calibration Course	300	m	Riverview	NB		New Brunswick	Riverview,New Brunswick	46.0612076	-64.8033246	PURPLE	<a href='https://www.acroad.ca/certificates/2022/NB-2022-015-DRY.pdf' target='_blank'>NB-2022-015-DRY</a>	<a href='https://www.google.com/maps/place/46.0612076,-64.8033246' target='_blank'>Local street map of course</a>	<a href='https://www.google.com/maps/dir/?api=1&destination=46.0612076,-64.8033246&travelmode=driving' target='_blank'>Driving directions to course</a>		
MB-2022-013-LJJL	2022	Vincent Road 300 m Calibration Course	300	m	Stonewall	MB		Manitoba	Stonewall,Manitoba	50.1347338	-97.3266552	PURPLE	<a href='https://www.acroad.ca/certificates/2022/MB-2022-013-LJJL.pdf' target='_blank'>MB-2022-013-LJJL</a>	<a href='https://www.google.com/maps/place/50.1347338,-97.3266552' target='_blank'>Local street map of course</a>	<a href='https://www.google.com/maps/dir/?api=1&destination=50.1347338,-97.3266552&travelmode=driving' target='_blank'>Driving directions to course</a>		
NB-2021-024-BDC	2021	Fredericton College Field Trail Calibration Course	300	m	Fredericton College	NB		New Brunswick	Fredericton College,New Brunswick	45.9453097	-66.6444362	PURPLE	<a href='https://www.acroad.ca/certificates/2021/NB-2021-024-BDC.pdf' target='_blank'>NB-2021-024-BDC</a>	<a href='https://www.google.com/maps/place/45.9453097,-66.6444362' target='_blank'>Local street map of course</a>	<a href='https://www.google.com/maps/dir/?api=1&destination=45.9453097,-66.6444362&travelmode=driving' target='_blank'>Driving directions to course</a>		
QC-2021-007-BDC	2021	Ile Notre-Dame Calibration Course	300	m	Montreal	QC		Quebec	Montreal,Quebec	45.5031824	-73.5698065	PURPLE	<a href='https://www.acroad.ca/certificates/2021/QC-2021-007-BDC.pdf' target='_blank'>QC-2021-007-BDC</a>	<a href='https://www.google.com/maps/place/45.5031824,-73.5698065' target='_blank'>Local street map of course</a>	<a href='https://www.google.com/maps/dir/?api=1&destination=45.5031824,-73.5698065&travelmode=driving' target='_blank'>Driving directions to course</a>		
ON-2021-018-BDC	2021	Metro Rd. N 300 m Calibration Course	300	m	Georgina	ON		Ontario	Georgina,Ontario	44.2280235	-79.4644446	PURPLE	<a href='https://www.acroad.ca/certificates/2021/ON-2021-018-BDC.pdf' target='_blank'>ON-2021-018-BDC</a>	<a href='https://www.google.com/maps/place/44.2280235,-79.4644446' target='_blank'>Local street map of course</a>	<a href='https://www.google.com/maps/dir/?api=1&destination=44.2280235,-79.4644446&travelmode=driving' target='_blank'>Driving directions to course</a>		
BC-2021-025-BDC	2021	Shell Road 300 m Calibration Course	300	m	Richmond	BC		British Columbia	Richmond,British Columbia	49.1631680	-123.1374140	PURPLE	<a href='https://www.acroad.ca/certificates/2021/BC-2021-025-BDC.pdf' target='_blank'>BC-2021-025-BDC</a>	<a href='https://www.google.com/maps/place/49.1631680,-123.1374140' target='_blank'>Local street map of course</a>	<a href='https://www.google.com/maps/dir/?api=1&destination=49.1631680,-123.1374140&travelmode=driving' target='_blank'>Driving directions to course</a>		
ON-2021-001-DRY	2021	Springbank Park 300m Calibration Course	300.00	m	London	ON		Ontario	London,Ontario	42.9836747	-81.2496068	PURPLE	<a href='https://www.acroad.ca/certificates/2021/ON-2021-001-DRY.pdf' target='_blank'>ON-2021-001-DRY</a>	<a href='https://www.google.com/maps/place/42.9836747,-81.2496068' target='_blank'>Local street map of course</a>	<a href='https://www.google.com/maps/dir/?api=1&destination=42.9836747,-81.2496068&travelmode=driving' target='_blank'>Driving directions to course</a>		
ON-2021-004-PTBA	2021	Wellington Street Calibration Course	300.000	m	Port Elgin	ON		Ontario	Port Elgin,Ontario	44.4358826	-81.3889458	PURPLE	<a href='https://www.acroad.ca/certificates/2021/ON-2021-004-PTBA.pdf' target='_blank'>ON-2021-004-PTBA</a>	<a href='https://www.google.com/maps/place/44.4358826,-81.3889458' target='_blank'>Local street map of course</a>	<a href='https://www.google.com/maps/dir/?api=1&destination=44.4358826,-81.3889458&travelmode=driving' target='_blank'>Driving directions to course</a>		
BC-2020-017-BDC	2020	King Road 600 m Calibration Course	600	m	Gibsons	BC		British Columbia	Gibsons,British Columbia	49.4006197	-123.5089180	PURPLE	<a href='https://www.acroad.ca/certificates/2020/BC-2020-017-BDC.pdf' target='_blank'>BC-2020-017-BDC</a>	<a href='https://www.google.com/maps/place/49.4006197,-123.5089180' target='_blank'>Local street map of course</a>	<a href='https://www.google.com/maps/dir/?api=1&destination=49.4006197,-123.5089180&travelmode=driving' target='_blank'>Driving directions to course</a>		
ON-2022-057-BDC	2022	Dock Service Road 300 m Calibration Course	300	m	Hamilton	ON		Ontario	Hamilton,Ontario	43.2560802	-79.8728583	PURPLE	<a href='https://www.acroad.ca/certificates/202/ON-2022-057-BDC.pdf' target='_blank'>ON-2022-057-BDC</a>	<a href='https://www.google.com/maps/place/43.2560802,-79.8728583' target='_blank'>Local street map of course</a>	<a href='https://www.google.com/maps/dir/?api=1&destination=43.2560802,-79.8728583&travelmode=driving' target='_blank'>Driving directions to course</a>		
QC-2019-021-PTBA	2019	300 m étalon avenue Pierr-de-Coubertin	300.00	m	Montreal	QC		Quebec	Montreal,Quebec	45.5031824	-73.5698065	PURPLE	<a href='https://www.acroad.ca/certificates/2019/QC-2019-021-PTBA.pdf' target='_blank'>QC-2019-021-PTBA</a>	<a href='https://www.google.com/maps/place/45.5031824,-73.5698065' target='_blank'>Local street map of course</a>	<a href='https://www.google.com/maps/dir/?api=1&destination=45.5031824,-73.5698065&travelmode=driving' target='_blank'>Driving directions to course</a>		
QC-2019-002-DRY	2019	Arvida Calibration Course	304.827	m	Saguenay	QC		Quebec	Saguenay,Quebec	48.4059590	-71.0691830	PURPLE	<a href='https://www.acroad.ca/certificates/2019/QC-2019-002-DRY.pdf' target='_blank'>QC-2019-002-DRY</a>	<a href='https://www.google.com/maps/place/48.4059590,-71.0691830' target='_blank'>Local street map of course</a>	<a href='https://www.google.com/maps/dir/?api=1&destination=48.4059590,-71.0691830&travelmode=driving' target='_blank'>Driving directions to course</a>		
MB-2019-022-BDC	2019	Chancellor Matheson Road Bicycle Path 300 m Calibration Course	300	m	Winnipeg	MB		Manitoba	Winnipeg,Manitoba	49.8955367	-97.1384584	PURPLE	<a href='https://www.acroad.ca/certificates/2019/MB-2019-022-BDC.pdf' target='_blank'>MB-2019-022-BDC</a>	<a href='https://www.google.com/maps/place/49.8955367,-97.1384584' target='_blank'>Local street map of course</a>	<a href='https://www.google.com/maps/dir/?api=1&destination=49.8955367,-97.1384584&travelmode=driving' target='_blank'>Driving directions to course</a>		
NS-2019-002-PTBA	2019	Chisholm Street 300m Calibration Course	300	m	New Glasgow	NS		Nova Scotia	New Glasgow,Nova Scotia	45.5869474	-62.6483547	PURPLE	<a href='https://www.acroad.ca/certificates/2019/NS-2019-002-PTBA.pdf' target='_blank'>NS-2019-002-PTBA</a>	<a href='https://www.google.com/maps/place/45.5869474,-62.6483547' target='_blank'>Local street map of course</a>	<a href='https://www.google.com/maps/dir/?api=1&destination=45.5869474,-62.6483547&travelmode=driving' target='_blank'>Driving directions to course</a>		
MB-2019-004-DRY	2019	Kenaston Trail Calibration Course	300.00	m	Winnipeg	MB		Manitoba	Winnipeg,Manitoba	49.8955367	-97.1384584	PURPLE	<a href='https://www.acroad.ca/certificates/2019/MB-2019-004-DRY.pdf' target='_blank'>MB-2019-004-DRY</a>	<a href='https://www.google.com/maps/place/49.8955367,-97.1384584' target='_blank'>Local street map of course</a>	<a href='https://www.google.com/maps/dir/?api=1&destination=49.8955367,-97.1384584&travelmode=driving' target='_blank'>Driving directions to course</a>		
ON-2019-008-PTBA	2019	Lakeshore Road, St. Catharine's Calibration Course	300.004	m	St.Catharine's	ON		Ontario	St.Catharine's,Ontario	43.2532326	-79.8662767	PURPLE	<a href='https://www.acroad.ca/certificates/2019/ON-2019-008-PTBA.pdf' target='_blank'>ON-2019-008-PTBA</a>	<a href='https://www.google.com/maps/place/43.2532326,-79.8662767' target='_blank'>Local street map of course</a>	<a href='https://www.google.com/maps/dir/?api=1&destination=43.2532326,-79.8662767&travelmode=driving' target='_blank'>Driving directions to course</a>		
ON-2019-016-PTBA	2019	Massey Marathon Calibration Course	300.000	m	Massey	ON		Ontario	Massey,Ontario	46.2126468	-82.0771831	PURPLE	<a href='https://www.acroad.ca/certificates/2019/ON-2019-016-PTBA.pdf' target='_blank'>ON-2019-016-PTBA</a>	<a href='https://www.google.com/maps/place/46.2126468,-82.0771831' target='_blank'>Local street map of course</a>	<a href='https://www.google.com/maps/dir/?api=1&destination=46.2126468,-82.0771831&travelmode=driving' target='_blank'>Driving directions to course</a>		
BC-2019-005-PTBA	2019	Okanagan Rail Trail Calibration	411.481	m	Kelowna	BC		British Columbia	Kelowna,British Columbia	49.8879177	-119.4959020	PURPLE	<a href='https://www.acroad.ca/certificates/2019/BC-2019-005-PTBA.pdf' target='_blank'>BC-2019-005-PTBA</a>	<a href='https://www.google.com/maps/place/49.8879177,-119.4959020' target='_blank'>Local street map of course</a>	<a href='https://www.google.com/maps/dir/?api=1&destination=49.8879177,-119.4959020&travelmode=driving' target='_blank'>Driving directions to course</a>		
QC-2019-001-LJL	2019	Parcours d'etalonnage de 300 m Chemin do Tour-du-Lac	300	m	Lac-Beauport	QC		Quebec	Lac-Beauport,Quebec	46.9444030	-71.2968060	PURPLE	<a href='https://www.acroad.ca/certificates/2019/QC-2019-001-LJL.pdf' target='_blank'>QC-2019-001-LJL</a>	<a href='https://www.google.com/maps/place/46.9444030,-71.2968060' target='_blank'>Local street map of course</a>	<a href='https://www.google.com/maps/dir/?api=1&destination=46.9444030,-71.2968060&travelmode=driving' target='_blank'>Driving directions to course</a>		
QC-2019-010-LJL	2019	Parcours de calibration de 450m boulevard des Montagnais	450	m	Sept-Iles	QC		Quebec	Sept-Iles,Quebec	50.2109579	-66.3790642	PURPLE	<a href='https://www.acroad.ca/certificates/2019/QC-2019-010-LJL.pdf' target='_blank'>QC-2019-010-LJL</a>	<a href='https://www.google.com/maps/place/50.2109579,-66.3790642' target='_blank'>Local street map of course</a>	<a href='https://www.google.com/maps/dir/?api=1&destination=50.2109579,-66.3790642&travelmode=driving' target='_blank'>Driving directions to course</a>		QC-2019-005-LJL
QC-2019-012-LJL	2019	Parcours étalon de 300 m Grand Axe de l'Université Laval	300.00	m	Quebec	QC		Quebec	Quebec,Quebec	46.8137431	-71.2084061	PURPLE	<a href='https://www.acroad.ca/certificates/2019/QC-2019-012-LJL.pdf' target='_blank'>QC-2019-012-LJL</a>	<a href='https://www.google.com/maps/place/46.8137431,-71.2084061' target='_blank'>Local street map of course</a>	<a href='https://www.google.com/maps/dir/?api=1&destination=46.8137431,-71.2084061&travelmode=driving' target='_blank'>Driving directions to course</a>		
NS-2019-018-BDC	2019	Parker Mountain Road 300 m Calibrations Course	300.00	m	Grandville Ferry	NS		Nova Scotia	Grandville Ferry,Nova Scotia			PURPLE	<a href='https://www.acroad.ca/certificates/2019/NS-2019-018-BDC.pdf' target='_blank'>NS-2019-018-BDC</a>				
ON-2018-033-BDC	2018	Remembrance Drive 300m Calibration Course	299.900	m	Toronto	ON		Ontario	Toronto,Ontario	43.6534817	-79.3839347	PURPLE	<a href='https://www.acroad.ca/certificates/2019/ON-2018-033-BDC.pdf' target='_blank'>ON-2018-033-BDC</a>	<a href='https://www.google.com/maps/place/43.6534817,-79.3839347' target='_blank'>Local street map of course</a>	<a href='https://www.google.com/maps/dir/?api=1&destination=43.6534817,-79.3839347&travelmode=driving' target='_blank'>Driving directions to course</a>		ON-2014-130-BDC
MB-2019-007-LJL	2019	Rue de la Morenie 300m Calibration Course	300	m	Winnipeg	MB		Manitoba	Winnipeg,Manitoba	49.8955367	-97.1384584	PURPLE	<a href='https://www.acroad.ca/certificates/2019/MB-2019-007-LJL.pdf' target='_blank'>MB-2019-007-LJL</a>	<a href='https://www.google.com/maps/place/49.8955367,-97.1384584' target='_blank'>Local street map of course</a>	<a href='https://www.google.com/maps/dir/?api=1&destination=49.8955367,-97.1384584&travelmode=driving' target='_blank'>Driving directions to course</a>		
QC-2019-027-BDC	2019	Rue Rachel 300 m Calibration Course	300	m	Chateauguay	QC		Quebec	Chateauguay,Quebec	45.3602416	-73.7493640	PURPLE	<a href='https://www.acroad.ca/certificates/2019/QC-2019-027-BDC.pdf' target='_blank'>QC-2019-027-BDC</a>	<a href='https://www.google.com/maps/place/45.3602416,-73.7493640' target='_blank'>Local street map of course</a>	<a href='https://www.google.com/maps/dir/?api=1&destination=45.3602416,-73.7493640&travelmode=driving' target='_blank'>Driving directions to course</a>		
QC-2019-027-BDC	2019	Rue Rachel 300 m Calibration Course	300	m	Chateauguay	QC		Quebec	Chateauguay,Quebec	45.3602416	-73.7493640	PURPLE	<a href='https://www.acroad.ca/certificates/2019/QC-2019-027-BDC.pdf' target='_blank'>QC-2019-027-BDC</a>	<a href='https://www.google.com/maps/place/45.3602416,-73.7493640' target='_blank'>Local street map of course</a>	<a href='https://www.google.com/maps/dir/?api=1&destination=45.3602416,-73.7493640&travelmode=driving' target='_blank'>Driving directions to course</a>		
ON-2019-019-PTBA	2019	Sawmill Road 2019 Calibration	300.000	m	Conestogo	ON		Ontario	Conestogo,Ontario	43.5412599	-80.5048699	PURPLE	<a href='https://www.acroad.ca/certificates/2019/ON-2019-019-PTBA.pdf' target='_blank'>ON-2019-019-PTBA</a>	<a href='https://www.google.com/maps/place/43.5412599,-80.5048699' target='_blank'>Local street map of course</a>	<a href='https://www.google.com/maps/dir/?api=1&destination=43.5412599,-80.5048699&travelmode=driving' target='_blank'>Driving directions to course</a>		
AB-2018-025-BDC	2018	Sir Winston Churchill Avenue 303.879m Calibration Course	303.879	m	St. Albert	AB		Alberta	St. Albert,Alberta	53.6332390	-113.6288450	PURPLE	<a href='https://www.acroad.ca/certificates/2019/AB-2018-025-BDC.pdf' target='_blank'>AB-2018-025-BDC</a>	<a href='https://www.google.com/maps/place/53.6332390,-113.6288450' target='_blank'>Local street map of course</a>	<a href='https://www.google.com/maps/dir/?api=1&destination=53.6332390,-113.6288450&travelmode=driving' target='_blank'>Driving directions to course</a>		
ON02019-018-PTBA		Tommy Thompson Park Calibration Course	300.000	m	Toronto	ON		Ontario	Toronto,Ontario	43.6534817	-79.3839347	PURPLE	<a href='https://www.acroad.ca/certificates/2019/ON02019-018-PTBA.pdf' target='_blank'>ON02019-018-PTBA</a>	<a href='https://www.google.com/maps/place/43.6534817,-79.3839347' target='_blank'>Local street map of course</a>	<a href='https://www.google.com/maps/dir/?api=1&destination=43.6534817,-79.3839347&travelmode=driving' target='_blank'>Driving directions to course</a>		
NL-2019-015-PTBA	2019	Waterfordbridge Road Calibration Course	350.1469	m	St. John's	NL		Newfoundland and Labrador	St. John's,Newfoundland and Labrador	47.5646794	-52.7066964	PURPLE	<a href='https://www.acroad.ca/certificates/2019/NL-2019-015-PTBA.pdf' target='_blank'>NL-2019-015-PTBA</a>	<a href='https://www.google.com/maps/place/47.5646794,-52.7066964' target='_blank'>Local street map of course</a>	<a href='https://www.google.com/maps/dir/?api=1&destination=47.5646794,-52.7066964&travelmode=driving' target='_blank'>Driving directions to course</a>		
BC-2018-001-DRY	2018	Ambleside Park Calibration Course	300	m	West Vancouver	BC		British Columbia	West Vancouver,British Columbia	49.3311208	-123.1594790	PURPLE	<a href='https://www.acroad.ca/certificates/2018/BC-2018-001-DRY.pdf' target='_blank'>BC-2018-001-DRY</a>	<a href='https://www.google.com/maps/place/49.3311208,-123.1594790' target='_blank'>Local street map of course</a>	<a href='https://www.google.com/maps/dir/?api=1&destination=49.3311208,-123.1594790&travelmode=driving' target='_blank'>Driving directions to course</a>		
MB-2018-002-PTBA	2018	Ave St Gabriel Calibration Course	300	m	St Norbert	MB		Manitoba	St Norbert,Manitoba	49.7667921	-97.1481194	PURPLE	<a href='https://www.acroad.ca/certificates/2018/MB-2018-002-PTBA.pdf' target='_blank'>MB-2018-002-PTBA</a>	<a href='https://www.google.com/maps/place/49.7667921,-97.1481194' target='_blank'>Local street map of course</a>	<a href='https://www.google.com/maps/dir/?api=1&destination=49.7667921,-97.1481194&travelmode=driving' target='_blank'>Driving directions to course</a>		
BC-2018-001-BDC	2018	John Road 342.412m Calibration Course	342.412	m	North Saanich	BC		British Columbia	North Saanich,British Columbia	48.6563671	-123.4327940	PURPLE	<a href='https://www.acroad.ca/certificates/2018/BC-2018-001-BDC.pdf' target='_blank'>BC-2018-001-BDC</a>	<a href='https://www.google.com/maps/place/48.6563671,-123.4327940' target='_blank'>Local street map of course</a>	<a href='https://www.google.com/maps/dir/?api=1&destination=48.6563671,-123.4327940&travelmode=driving' target='_blank'>Driving directions to course</a>		
AB-2017-015-BDC	2017	12th Av SE 300m Calibration Course	300	m	Calgary	AB		Alberta	Calgary,Alberta	51.0456064	-114.0575410	PURPLE	<a href='https://www.acroad.ca/certificates/2017/AB-2017-015-BDC.pdf' target='_blank'>AB-2017-015-BDC</a>	<a href='https://www.google.com/maps/place/51.0456064,-114.0575410' target='_blank'>Local street map of course</a>	<a href='https://www.google.com/maps/dir/?api=1&destination=51.0456064,-114.0575410&travelmode=driving' target='_blank'>Driving directions to course</a>		
ON-2017-006-DRY	2017	Dock Service Road Calibration Course	300	m	Hamilton	ON		Ontario	Hamilton,Ontario	43.2560802	-79.8728583	PURPLE	<a href='https://www.acroad.ca/certificates/2017/ON-2017-006-DRY.pdf' target='_blank'>ON-2017-006-DRY</a>	<a href='https://www.google.com/maps/place/43.2560802,-79.8728583' target='_blank'>Local street map of course</a>	<a href='https://www.google.com/maps/dir/?api=1&destination=43.2560802,-79.8728583&travelmode=driving' target='_blank'>Driving directions to course</a>		
ON-2017-018-BDC	2017	Front Rd. 300m Calibration Course	300	m	Kingston	ON		Ontario	Kingston,Ontario	44.3054151	-76.4283781	PURPLE	<a href='https://www.acroad.ca/certificates/2017/ON-2017-018-BDC.pdf' target='_blank'>ON-2017-018-BDC</a>	<a href='https://www.google.com/maps/place/44.3054151,-76.4283781' target='_blank'>Local street map of course</a>	<a href='https://www.google.com/maps/dir/?api=1&destination=44.3054151,-76.4283781&travelmode=driving' target='_blank'>Driving directions to course</a>		
BC-2017-067-BDC	2017	High Ridge Rd. 300m Calibration Course	300	m	Vernon	BC		British Columbia	Vernon,British Columbia	50.2668671	-119.2718157	PURPLE	<a href='https://www.acroad.ca/certificates/2017/BC-2017-067-BDC.pdf' target='_blank'>BC-2017-067-BDC</a>	<a href='https://www.google.com/maps/place/50.2668671,-119.2718157' target='_blank'>Local street map of course</a>	<a href='https://www.google.com/maps/dir/?api=1&destination=50.2668671,-119.2718157&travelmode=driving' target='_blank'>Driving directions to course</a>		
BAH-2017-011-BDC	2017	Jollly Roger Dr. Calibration Course	304.8	m	Freeport, Bahamas				Freeport, Bahamas	26.5356810	-78.6953623	PURPLE	<a href='https://www.acroad.ca/certificates/2017/BAH-2017-011-BDC.pdf' target='_blank'>BAH-2017-011-BDC</a>	<a href='https://www.google.com/maps/place/26.5356810,-78.6953623' target='_blank'>Local street map of course</a>	<a href='https://www.google.com/maps/dir/?api=1&destination=26.5356810,-78.6953623&travelmode=driving' target='_blank'>Driving directions to course</a>		
NS-2017-014-BDC	2017	Lighthouse Route #3 300m Calibration Course	300	m	Brooklyn	NS		Nova Scotia	Brooklyn,Nova Scotia	44.0597128	-64.6809772	PURPLE	<a href='https://www.acroad.ca/certificates/2017/NS-2017-014-BDC.pdf' target='_blank'>NS-2017-014-BDC</a>	<a href='https://www.google.com/maps/place/44.0597128,-64.6809772' target='_blank'>Local street map of course</a>	<a href='https://www.google.com/maps/dir/?api=1&destination=44.0597128,-64.6809772&travelmode=driving' target='_blank'>Driving directions to course</a>		
BC-2017-089-BDC	2017	Mission Raceway Calibration Course	349.959	m	Mission	BC		British Columbia	Mission,British Columbia	49.1589351	-122.2835830	PURPLE	<a href='https://www.acroad.ca/certificates/2017/BC-2017-089-BDC.pdf' target='_blank'>BC-2017-089-BDC</a>	<a href='https://www.google.com/maps/place/49.1589351,-122.2835830' target='_blank'>Local street map of course</a>	<a href='https://www.google.com/maps/dir/?api=1&destination=49.1589351,-122.2835830&travelmode=driving' target='_blank'>Driving directions to course</a>		
MB-2017-001-PTBA	2017	pH245 300m Calibration Course	300	m	Treherne	MB		Manitoba	Treherne,Manitoba	49.6271787	-98.6979401	PURPLE	<a href='https://www.acroad.ca/certificates/2017/MB-2017-001-PTBA.pdf' target='_blank'>MB-2017-001-PTBA</a>	<a href='https://www.google.com/maps/place/49.6271787,-98.6979401' target='_blank'>Local street map of course</a>	<a href='https://www.google.com/maps/dir/?api=1&destination=49.6271787,-98.6979401&travelmode=driving' target='_blank'>Driving directions to course</a>		
MB-2017-002-PTBA	2017	Railway Avenue 300m Calibration Course	300	m	Treherne	MB		Manitoba	Treherne,Manitoba	49.6271787	-98.6979401	PURPLE	<a href='https://www.acroad.ca/certificates/2017/MB-2017-002-PTBA.pdf' target='_blank'>MB-2017-002-PTBA</a>	<a href='https://www.google.com/maps/place/49.6271787,-98.6979401' target='_blank'>Local street map of course</a>	<a href='https://www.google.com/maps/dir/?api=1&destination=49.6271787,-98.6979401&travelmode=driving' target='_blank'>Driving directions to course</a>		
AB-2017-017-BDC	2017	Stadium Road 300m Calibration Course	300	m	Edmonton	AB		Alberta	Edmonton,Alberta	53.5462055	-113.4912410	PURPLE	<a href='https://www.acroad.ca/certificates/2017/AB-2017-017-BDC.pdf' target='_blank'>AB-2017-017-BDC</a>	<a href='https://www.google.com/maps/place/53.5462055,-113.4912410' target='_blank'>Local street map of course</a>	<a href='https://www.google.com/maps/dir/?api=1&destination=53.5462055,-113.4912410&travelmode=driving' target='_blank'>Driving directions to course</a>		
AB-2016-041-BDC	2016	1 Ave NW 300m Calibration Course	300	m	Drumheller	AB		Alberta	Drumheller,Alberta	51.4015970	-112.6185167	PURPLE	<a href='https://www.acroad.ca/certificates/2016/AB-2016-041-BDC.pdf' target='_blank'>AB-2016-041-BDC</a>	<a href='https://www.google.com/maps/place/51.4015970,-112.6185167' target='_blank'>Local street map of course</a>	<a href='https://www.google.com/maps/dir/?api=1&destination=51.4015970,-112.6185167&travelmode=driving' target='_blank'>Driving directions to course</a>		
AB-2016-037-BDC	2016	99 Ave. Service Rd. 300m Calibration Course	300	m	Fort Saskatchewan	SK		Saskatchewan	Fort Saskatchewan,Saskatchewan	53.7109918	-113.2181918	PURPLE	<a href='https://www.acroad.ca/certificates/2016/AB-2016-037-BDC.pdf' target='_blank'>AB-2016-037-BDC</a>	<a href='https://www.google.com/maps/place/53.7109918,-113.2181918' target='_blank'>Local street map of course</a>	<a href='https://www.google.com/maps/dir/?api=1&destination=53.7109918,-113.2181918&travelmode=driving' target='_blank'>Driving directions to course</a>		
QC-2016-046-BDC	2016	Boulvard Lévesque Est Calibration Course	300	m	Laval	QC		Quebec	Laval,Quebec	45.5571125	-73.7211779	PURPLE	<a href='https://www.acroad.ca/certificates/2016/QC-2016-046-BDC.pdf' target='_blank'>QC-2016-046-BDC</a>	<a href='https://www.google.com/maps/place/45.5571125,-73.7211779' target='_blank'>Local street map of course</a>	<a href='https://www.google.com/maps/dir/?api=1&destination=45.5571125,-73.7211779&travelmode=driving' target='_blank'>Driving directions to course</a>		
BC-2016-086-BDC	2016	Cottam Road 300m Calibration Course	300	m	Port Alberni	BC		British Columbia	Port Alberni,British Columbia	49.2343668	-124.8056517	PURPLE	<a href='https://www.acroad.ca/certificates/2016/BC-2016-086-BDC.pdf' target='_blank'>BC-2016-086-BDC</a>	<a href='https://www.google.com/maps/place/49.2343668,-124.8056517' target='_blank'>Local street map of course</a>	<a href='https://www.google.com/maps/dir/?api=1&destination=49.2343668,-124.8056517&travelmode=driving' target='_blank'>Driving directions to course</a>		
NS-2016-019-BDC	2016	Highway 236 300m Calibration Course	300	m	Hants County	NS		Nova Scotia	Hants County,Nova Scotia	45.0381118	-63.8786323	PURPLE	<a href='https://www.acroad.ca/certificates/2016/NS-2016-019-BDC.pdf' target='_blank'>NS-2016-019-BDC</a>	<a href='https://www.google.com/maps/place/45.0381118,-63.8786323' target='_blank'>Local street map of course</a>	<a href='https://www.google.com/maps/dir/?api=1&destination=45.0381118,-63.8786323&travelmode=driving' target='_blank'>Driving directions to course</a>		
NS-2016-016-BDC	2016	HWY 332 Bayport Calibration Course	300	m	Bayport	NS		Nova Scotia	Bayport,Nova Scotia	44.3280236	-64.3180851	PURPLE	<a href='https://www.acroad.ca/certificates/2016/NS-2016-016-BDC.pdf' target='_blank'>NS-2016-016-BDC</a>	<a href='https://www.google.com/maps/place/44.3280236,-64.3180851' target='_blank'>Local street map of course</a>	<a href='https://www.google.com/maps/dir/?api=1&destination=44.3280236,-64.3180851&travelmode=driving' target='_blank'>Driving directions to course</a>		
NS-2016-024-BDC	2016	John Savage Ave. 300m Calibration Course	300	m	Dartmouth	NS		Nova Scotia	Dartmouth,Nova Scotia	44.6799707	-63.5720232	PURPLE	<a href='https://www.acroad.ca/certificates/2016/NS-2016-024-BDC.pdf' target='_blank'>NS-2016-024-BDC</a>	<a href='https://www.google.com/maps/place/44.6799707,-63.5720232' target='_blank'>Local street map of course</a>	<a href='https://www.google.com/maps/dir/?api=1&destination=44.6799707,-63.5720232&travelmode=driving' target='_blank'>Driving directions to course</a>		
QC-2016-095-BDC	2016	Ketchan St. 300m Calibration Course	300	m	Temiscaming	QC		Quebec	Temiscaming,Quebec	46.7219118	-79.0954543	PURPLE	<a href='https://www.acroad.ca/certificates/2016/QC-2016-095-BDC.pdf' target='_blank'>QC-2016-095-BDC</a>	<a href='https://www.google.com/maps/place/46.7219118,-79.0954543' target='_blank'>Local street map of course</a>	<a href='https://www.google.com/maps/dir/?api=1&destination=46.7219118,-79.0954543&travelmode=driving' target='_blank'>Driving directions to course</a>		
ON-2016-110-BDC	2016	Lindsay Fairgounds Laneway Calibration Course	300	m	Lindsay	ON		Ontario	Lindsay,Ontario	44.3551266	-78.7369939	PURPLE	<a href='https://www.acroad.ca/certificates/2016/ON-2016-110-BDC.pdf' target='_blank'>ON-2016-110-BDC</a>	<a href='https://www.google.com/maps/place/44.3551266,-78.7369939' target='_blank'>Local street map of course</a>	<a href='https://www.google.com/maps/dir/?api=1&destination=44.3551266,-78.7369939&travelmode=driving' target='_blank'>Driving directions to course</a>		
SK-2016-015-BDC	2016	Lorne Avenue Calibration Course	325.462	m	Saskatoon	SK		Saskatchewan	Saskatoon,Saskatchewan	52.1318020	-106.6607670	PURPLE	<a href='https://www.acroad.ca/certificates/2016/SK-2016-015-BDC.pdf' target='_blank'>SK-2016-015-BDC</a>	<a href='https://www.google.com/maps/place/52.1318020,-106.6607670' target='_blank'>Local street map of course</a>	<a href='https://www.google.com/maps/dir/?api=1&destination=52.1318020,-106.6607670&travelmode=driving' target='_blank'>Driving directions to course</a>		
NS-2016-088-BDC	2016	Lorne Street 300m Calibration Course	300	m	Truro	NS		Nova Scotia	Truro,Nova Scotia	45.3656974	-63.2864971	PURPLE	<a href='https://www.acroad.ca/certificates/2016/NS-2016-088-BDC.pdf' target='_blank'>NS-2016-088-BDC</a>	<a href='https://www.google.com/maps/place/45.3656974,-63.2864971' target='_blank'>Local street map of course</a>	<a href='https://www.google.com/maps/dir/?api=1&destination=45.3656974,-63.2864971&travelmode=driving' target='_blank'>Driving directions to course</a>		
MB-2016-111-BDC	2016	Main St. (Hecla Village) 300m Calibration Course	300	m	Hecla	MB		Manitoba	Hecla,Manitoba	51.1350000	-96.6653000	PURPLE	<a href='https://www.acroad.ca/certificates/2016/MB-2016-111-BDC.pdf' target='_blank'>MB-2016-111-BDC</a>	<a href='https://www.google.com/maps/place/51.1350000,-96.6653000' target='_blank'>Local street map of course</a>	<a href='https://www.google.com/maps/dir/?api=1&destination=51.1350000,-96.6653000&travelmode=driving' target='_blank'>Driving directions to course</a>		
NL-2016-059-BDC	2016	Marble Drive 500m Calibration Course	500	m	Corner Brook	NL		Newfoundland and Labrador	Corner Brook,Newfoundland and Labrador	48.9531700	-57.9473880	PURPLE	<a href='https://www.acroad.ca/certificates/2016/NL-2016-059-BDC.pdf' target='_blank'>NL-2016-059-BDC</a>	<a href='https://www.google.com/maps/place/48.9531700,-57.9473880' target='_blank'>Local street map of course</a>	<a href='https://www.google.com/maps/dir/?api=1&destination=48.9531700,-57.9473880&travelmode=driving' target='_blank'>Driving directions to course</a>		
ON-2016-018-BDC	2016	Marina Drive 300m Calibration Course	300	m	Ottawa	ON		Ontario	Ottawa,Ontario	45.4208777	-75.6901106	PURPLE	<a href='https://www.acroad.ca/certificates/2016/ON-2016-018-BDC.pdf' target='_blank'>ON-2016-018-BDC</a>	<a href='https://www.google.com/maps/place/45.4208777,-75.6901106' target='_blank'>Local street map of course</a>	<a href='https://www.google.com/maps/dir/?api=1&destination=45.4208777,-75.6901106&travelmode=driving' target='_blank'>Driving directions to course</a>		
ON-2016-005-DRY	2016	Mississauga Valley Blvd Calibration Course	300	m	Mississauga	ON		Ontario	Mississauga,Ontario	43.5884727	-79.6436580	PURPLE	<a href='https://www.acroad.ca/certificates/2016/ON-2016-005-DRY.pdf' target='_blank'>ON-2016-005-DRY</a>	<a href='https://www.google.com/maps/place/43.5884727,-79.6436580' target='_blank'>Local street map of course</a>	<a href='https://www.google.com/maps/dir/?api=1&destination=43.5884727,-79.6436580&travelmode=driving' target='_blank'>Driving directions to course</a>		
MB-2016-038-BDC	2016	North Hill Drive 300m Calibration Course	300	m	East St. Paul	MB		Manitoba	East St. Paul,Manitoba	49.9794880	-97.0147710	PURPLE	<a href='https://www.acroad.ca/certificates/2016/MB-2016-038-BDC.pdf' target='_blank'>MB-2016-038-BDC</a>	<a href='https://www.google.com/maps/place/49.9794880,-97.0147710' target='_blank'>Local street map of course</a>	<a href='https://www.google.com/maps/dir/?api=1&destination=49.9794880,-97.0147710&travelmode=driving' target='_blank'>Driving directions to course</a>		
ON-2016-132-BDC	2016	Ontario St. 300.089m Calibration Course	300.089	m	Kingston	ON		Ontario	Kingston,Ontario	44.3054151	-76.4283781	PURPLE	<a href='https://www.acroad.ca/certificates/2016/ON-2016-132-BDC.pdf' target='_blank'>ON-2016-132-BDC</a>	<a href='https://www.google.com/maps/place/44.3054151,-76.4283781' target='_blank'>Local street map of course</a>	<a href='https://www.google.com/maps/dir/?api=1&destination=44.3054151,-76.4283781&travelmode=driving' target='_blank'>Driving directions to course</a>		
ON-2016-049-BDC	2016	River Rd. 300m Calibration Course	300	m	Cayuga	ON		Ontario	Cayuga,Ontario	42.9497266	-79.8585358	PURPLE	<a href='https://www.acroad.ca/certificates/2016/ON-2016-049-BDC.pdf' target='_blank'>ON-2016-049-BDC</a>	<a href='https://www.google.com/maps/place/42.9497266,-79.8585358' target='_blank'>Local street map of course</a>	<a href='https://www.google.com/maps/dir/?api=1&destination=42.9497266,-79.8585358&travelmode=driving' target='_blank'>Driving directions to course</a>		
QC-2016-081-BDC	2016	rue Bellevue 300m Calibration Course	300	m	Pincourt	QC		Quebec	Pincourt,Quebec	45.3712020	-73.9860530	PURPLE	<a href='https://www.acroad.ca/certificates/2016/QC-2016-081-BDC.pdf' target='_blank'>QC-2016-081-BDC</a>	<a href='https://www.google.com/maps/place/45.3712020,-73.9860530' target='_blank'>Local street map of course</a>	<a href='https://www.google.com/maps/dir/?api=1&destination=45.3712020,-73.9860530&travelmode=driving' target='_blank'>Driving directions to course</a>		
QC-2016-076-BDC	2016	Rue de l'hotel de ville 300m Calibration Course	300	m	Repentigny	QC		Quebec	Repentigny,Quebec	45.7326055	-73.4528307	PURPLE	<a href='https://www.acroad.ca/certificates/2016/QC-2016-076-BDC.pdf' target='_blank'>QC-2016-076-BDC</a>	<a href='https://www.google.com/maps/place/45.7326055,-73.4528307' target='_blank'>Local street map of course</a>	<a href='https://www.google.com/maps/dir/?api=1&destination=45.7326055,-73.4528307&travelmode=driving' target='_blank'>Driving directions to course</a>		
BC-2016-123-BDC	2016	Simcoe Street 325.630m Calibration Course	325.630	m	Victoria	BC		British Columbia	Victoria,British Columbia	48.4283182	-123.3649530	PURPLE	<a href='https://www.acroad.ca/certificates/2016/BC-2016-123-BDC.pdf' target='_blank'>BC-2016-123-BDC</a>	<a href='https://www.google.com/maps/place/48.4283182,-123.3649530' target='_blank'>Local street map of course</a>	<a href='https://www.google.com/maps/dir/?api=1&destination=48.4283182,-123.3649530&travelmode=driving' target='_blank'>Driving directions to course</a>		
NS-2016-079-BDC	2016	Stable Drive Calibration Course	1	mi	Sydney	NS		Nova Scotia	Sydney,Nova Scotia	46.1382112	-60.1941912	PURPLE	<a href='https://www.acroad.ca/certificates/2016/NS-2016-079-BDC.pdf' target='_blank'>NS-2016-079-BDC</a>	<a href='https://www.google.com/maps/place/46.1382112,-60.1941912' target='_blank'>Local street map of course</a>	<a href='https://www.google.com/maps/dir/?api=1&destination=46.1382112,-60.1941912&travelmode=driving' target='_blank'>Driving directions to course</a>		
NS-2016-128-BDC	2016	Valour Way 300m Calibration Course	300	m	Halifax	NS		Nova Scotia	Halifax,Nova Scotia	44.6486180	-63.5859487	PURPLE	<a href='https://www.acroad.ca/certificates/2016/NS-2016-128-BDC.pdf' target='_blank'>NS-2016-128-BDC</a>	<a href='https://www.google.com/maps/place/44.6486180,-63.5859487' target='_blank'>Local street map of course</a>	<a href='https://www.google.com/maps/dir/?api=1&destination=44.6486180,-63.5859487&travelmode=driving' target='_blank'>Driving directions to course</a>		
AB-2015-026-BDC	2015	117 St. NW 300m Calibration Course	300	m	Edmonton	AB		Alberta	Edmonton,Alberta	53.5462055	-113.4912410	PURPLE	<a href='https://www.acroad.ca/certificates/2015/AB-2015-026-BDC.pdf' target='_blank'>AB-2015-026-BDC</a>	<a href='https://www.google.com/maps/place/53.5462055,-113.4912410' target='_blank'>Local street map of course</a>	<a href='https://www.google.com/maps/dir/?api=1&destination=53.5462055,-113.4912410&travelmode=driving' target='_blank'>Driving directions to course</a>		
ON-2015-004-BDC	2015	Argyle Street 300m Calibration Course	300	m	Windsor	ON		Ontario	Windsor,Ontario	42.2858536	-82.9780695	PURPLE	<a href='https://www.acroad.ca/certificates/2015/ON-2015-004-BDC.pdf' target='_blank'>ON-2015-004-BDC</a>	<a href='https://www.google.com/maps/place/42.2858536,-82.9780695' target='_blank'>Local street map of course</a>	<a href='https://www.google.com/maps/dir/?api=1&destination=42.2858536,-82.9780695&travelmode=driving' target='_blank'>Driving directions to course</a>		
PE-2015-028-BDC	2015	Brighton Rd. 400m Calibration Course	400	m	Charlottetown	PE		Prince Edward Island	Charlottetown,Prince Edward Island	46.2354187	-63.1265388	PURPLE	<a href='https://www.acroad.ca/certificates/2015/PE-2015-028-BDC.pdf' target='_blank'>PE-2015-028-BDC</a>	<a href='https://www.google.com/maps/place/46.2354187,-63.1265388' target='_blank'>Local street map of course</a>	<a href='https://www.google.com/maps/dir/?api=1&destination=46.2354187,-63.1265388&travelmode=driving' target='_blank'>Driving directions to course</a>		
BC-2015-005-BDC	2015	Cross St. 317.5925m Calibration Course	317.5925	m	Kelowna	BC		British Columbia	Kelowna,British Columbia	49.8879177	-119.4959020	PURPLE	<a href='https://www.acroad.ca/certificates/2015/BC-2015-005-BDC.pdf' target='_blank'>BC-2015-005-BDC</a>	<a href='https://www.google.com/maps/place/49.8879177,-119.4959020' target='_blank'>Local street map of course</a>	<a href='https://www.google.com/maps/dir/?api=1&destination=49.8879177,-119.4959020&travelmode=driving' target='_blank'>Driving directions to course</a>		
ON-2015-009-DRY	2015	Lakeshore Ave (Hanlon's Point Island) Calibration Course	300	m	Toronto	ON		Ontario	Toronto,Ontario	43.6534817	-79.3839347	PURPLE	<a href='https://www.acroad.ca/certificates/2015/ON-2015-009-DRY.pdf' target='_blank'>ON-2015-009-DRY</a>	<a href='https://www.google.com/maps/place/43.6534817,-79.3839347' target='_blank'>Local street map of course</a>	<a href='https://www.google.com/maps/dir/?api=1&destination=43.6534817,-79.3839347&travelmode=driving' target='_blank'>Driving directions to course</a>		
ON-2015-011-DRY	2015	Mississauga Rd Calibration Course	300	m	Brampton	ON		Ontario	Brampton,Ontario	43.6858320	-79.7599366	PURPLE	<a href='https://www.acroad.ca/certificates/2015/ON-2015-011-DRY.pdf' target='_blank'>ON-2015-011-DRY</a>	<a href='https://www.google.com/maps/place/43.6858320,-79.7599366' target='_blank'>Local street map of course</a>	<a href='https://www.google.com/maps/dir/?api=1&destination=43.6858320,-79.7599366&travelmode=driving' target='_blank'>Driving directions to course</a>		
NB-2015-033-BDC	2015	NB Trail 300m Calibration Course	300	m	Perth-Andover	NB		New Brunswick	Perth-Andover,New Brunswick	46.7384475	-67.7057484	PURPLE	<a href='https://www.acroad.ca/certificates/2015/NB-2015-033-BDC.pdf' target='_blank'>NB-2015-033-BDC</a>	<a href='https://www.google.com/maps/place/46.7384475,-67.7057484' target='_blank'>Local street map of course</a>	<a href='https://www.google.com/maps/dir/?api=1&destination=46.7384475,-67.7057484&travelmode=driving' target='_blank'>Driving directions to course</a>		
ON-2015-041-BDC	2015	Read St. 300m Calibration Course	300	m	Merrickville	ON		Ontario	Merrickville,Ontario	44.9161119	-75.8369285	PURPLE	<a href='https://www.acroad.ca/certificates/2015/ON-2015-041-BDC.pdf' target='_blank'>ON-2015-041-BDC</a>	<a href='https://www.google.com/maps/place/44.9161119,-75.8369285' target='_blank'>Local street map of course</a>	<a href='https://www.google.com/maps/dir/?api=1&destination=44.9161119,-75.8369285&travelmode=driving' target='_blank'>Driving directions to course</a>		
NS-2015-012-BDC	2015	Stannus St. 300m Calibration Course	300	m	Windsor	NS		Nova Scotia	Windsor,Nova Scotia	44.9905115	-64.1363749	PURPLE	<a href='https://www.acroad.ca/certificates/2015/NS-2015-012-BDC.pdf' target='_blank'>NS-2015-012-BDC</a>	<a href='https://www.google.com/maps/place/44.9905115,-64.1363749' target='_blank'>Local street map of course</a>	<a href='https://www.google.com/maps/dir/?api=1&destination=44.9905115,-64.1363749&travelmode=driving' target='_blank'>Driving directions to course</a>		
BC-2015-008-BDC	2015	SW Marine Drive Calibration Course	300	m	Vancouver	BC		British Columbia	Vancouver,British Columbia	49.2608724	-123.1139520	PURPLE	<a href='https://www.acroad.ca/certificates/2015/BC-2015-008-BDC.pdf' target='_blank'>BC-2015-008-BDC</a>	<a href='https://www.google.com/maps/place/49.2608724,-123.1139520' target='_blank'>Local street map of course</a>	<a href='https://www.google.com/maps/dir/?api=1&destination=49.2608724,-123.1139520&travelmode=driving' target='_blank'>Driving directions to course</a>		
MB-2015-011-BDC	2015	Tweedsmuir Road 300m Calibration Course	300	m	Winnipeg	MB		Manitoba	Winnipeg,Manitoba	49.8955367	-97.1384584	PURPLE	<a href='https://www.acroad.ca/certificates/2015/MB-2015-011-BDC.pdf' target='_blank'>MB-2015-011-BDC</a>	<a href='https://www.google.com/maps/place/49.8955367,-97.1384584' target='_blank'>Local street map of course</a>	<a href='https://www.google.com/maps/dir/?api=1&destination=49.8955367,-97.1384584&travelmode=driving' target='_blank'>Driving directions to course</a>		
BC-2015-010-BDC	2015	Vanier Drive 499.942m Calibration Course	499.942	m	Courtenay	BC		British Columbia	Courtenay,British Columbia	49.6894061	-124.9954959	PURPLE	<a href='https://www.acroad.ca/certificates/2015/BC-2015-010-BDC.pdf' target='_blank'>BC-2015-010-BDC</a>	<a href='https://www.google.com/maps/place/49.6894061,-124.9954959' target='_blank'>Local street map of course</a>	<a href='https://www.google.com/maps/dir/?api=1&destination=49.6894061,-124.9954959&travelmode=driving' target='_blank'>Driving directions to course</a>		
ON-2015-046-BDC	2015	Walton St. 300m Calibration Course	300	m	Cornwall	ON		Ontario	Cornwall,Ontario	45.0469989	-74.7333845	PURPLE	<a href='https://www.acroad.ca/certificates/2015/ON-2015-046-BDC.pdf' target='_blank'>ON-2015-046-BDC</a>	<a href='https://www.google.com/maps/place/45.0469989,-74.7333845' target='_blank'>Local street map of course</a>	<a href='https://www.google.com/maps/dir/?api=1&destination=45.0469989,-74.7333845&travelmode=driving' target='_blank'>Driving directions to course</a>		
BC-2014-083-BDC	2014	Allard Crescent West 350m Calibration Course	350	m	Langley	BC		British Columbia	Langley,British Columbia	49.1039289	-122.6570470	PURPLE	<a href='https://www.acroad.ca/certificates/2014/BC-2014-083-BDC.pdf' target='_blank'>BC-2014-083-BDC</a>	<a href='https://www.google.com/maps/place/49.1039289,-122.6570470' target='_blank'>Local street map of course</a>	<a href='https://www.google.com/maps/dir/?api=1&destination=49.1039289,-122.6570470&travelmode=driving' target='_blank'>Driving directions to course</a>		
QC-2014-135-BDC	2014	Boul. Ste-Gertrude 300m Calibration Course	300	m	Montréal	QC		Quebec	Montréal,Quebec	45.5031824	-73.5698065	PURPLE	<a href='https://www.acroad.ca/certificates/2014/QC-2014-135-BDC.pdf' target='_blank'>QC-2014-135-BDC</a>	<a href='https://www.google.com/maps/place/45.5031824,-73.5698065' target='_blank'>Local street map of course</a>	<a href='https://www.google.com/maps/dir/?api=1&destination=45.5031824,-73.5698065&travelmode=driving' target='_blank'>Driving directions to course</a>		
MB-2014-029-BDC	2014	Braintree Crescent 300m Calibration Course	300	m	Winnipeg	MB		Manitoba	Winnipeg,Manitoba	49.8955367	-97.1384584	PURPLE	<a href='https://www.acroad.ca/certificates/2014/MB-2014-029-BDC.pdf' target='_blank'>MB-2014-029-BDC</a>	<a href='https://www.google.com/maps/place/49.8955367,-97.1384584' target='_blank'>Local street map of course</a>	<a href='https://www.google.com/maps/dir/?api=1&destination=49.8955367,-97.1384584&travelmode=driving' target='_blank'>Driving directions to course</a>		
MB-2014-006-BDC	2014	Bridge Road 300m Calibration Course	300	m	Headingley	MB		Manitoba	Headingley,Manitoba	49.8680870	-97.3910520	PURPLE	<a href='https://www.acroad.ca/certificates/2014/MB-2014-006-BDC.pdf' target='_blank'>MB-2014-006-BDC</a>	<a href='https://www.google.com/maps/place/49.8680870,-97.3910520' target='_blank'>Local street map of course</a>	<a href='https://www.google.com/maps/dir/?api=1&destination=49.8680870,-97.3910520&travelmode=driving' target='_blank'>Driving directions to course</a>		
ON-2014-004-BDC	2014	Century Road East 300m Calibration Course	300	m	Manotick	ON		Ontario	Manotick,Ontario	45.2264407	-75.6860593	PURPLE	<a href='https://www.acroad.ca/certificates/2014/ON-2014-004-BDC.pdf' target='_blank'>ON-2014-004-BDC</a>	<a href='https://www.google.com/maps/place/45.2264407,-75.6860593' target='_blank'>Local street map of course</a>	<a href='https://www.google.com/maps/dir/?api=1&destination=45.2264407,-75.6860593&travelmode=driving' target='_blank'>Driving directions to course</a>		
ON-2014-071-BDC	2014	Dymond Street 300m Calibration Course	300	m	Temisakming Shores	ON		Ontario	Temisakming Shores,Ontario			PURPLE	<a href='https://www.acroad.ca/certificates/2014/ON-2014-071-BDC.pdf' target='_blank'>ON-2014-071-BDC</a>				
ON-2014-090-BDC	2014	Elmwood Ave 300m Calibration Course	300	m	Crystal Beach	ON		Ontario	Crystal Beach,Ontario	42.8658766	-79.0612474	PURPLE	<a href='https://www.acroad.ca/certificates/2014/ON-2014-090-BDC.pdf' target='_blank'>ON-2014-090-BDC</a>	<a href='https://www.google.com/maps/place/42.8658766,-79.0612474' target='_blank'>Local street map of course</a>	<a href='https://www.google.com/maps/dir/?api=1&destination=42.8658766,-79.0612474&travelmode=driving' target='_blank'>Driving directions to course</a>		
MB-2014-069-BDC	2014	Fifth Avenue 300m Calibration Course	300	m	Gimli	MB		Manitoba	Gimli,Manitoba	50.6323125	-96.9881076	PURPLE	<a href='https://www.acroad.ca/certificates/2014/MB-2014-069-BDC.pdf' target='_blank'>MB-2014-069-BDC</a>	<a href='https://www.google.com/maps/place/50.6323125,-96.9881076' target='_blank'>Local street map of course</a>	<a href='https://www.google.com/maps/dir/?api=1&destination=50.6323125,-96.9881076&travelmode=driving' target='_blank'>Driving directions to course</a>		
NS-2014-024-BDC	2014	Front Street 300m Calibration Course	300	m	Wolfville	NS		Nova Scotia	Wolfville,Nova Scotia	45.0914073	-64.3645102	PURPLE	<a href='https://www.acroad.ca/certificates/2014/NS-2014-024-BDC.pdf' target='_blank'>NS-2014-024-BDC</a>	<a href='https://www.google.com/maps/place/45.0914073,-64.3645102' target='_blank'>Local street map of course</a>	<a href='https://www.google.com/maps/dir/?api=1&destination=45.0914073,-64.3645102&travelmode=driving' target='_blank'>Driving directions to course</a>		
MB-2014-115-BDC	2014	Harmondy Lane 300m Calibration Course	300	m	WInkler	MB		Manitoba	WInkler,Manitoba	49.1870890	-97.9376220	PURPLE	<a href='https://www.acroad.ca/certificates/2014/MB-2014-115-BDC.pdf' target='_blank'>MB-2014-115-BDC</a>	<a href='https://www.google.com/maps/place/49.1870890,-97.9376220' target='_blank'>Local street map of course</a>	<a href='https://www.google.com/maps/dir/?api=1&destination=49.1870890,-97.9376220&travelmode=driving' target='_blank'>Driving directions to course</a>		
ON-2014-087-BDC	2014	Lakeshore Road, Centre Island Calibration Course 300m	300	m	Toronto	ON		Ontario	Toronto,Ontario	43.6534817	-79.3839347	PURPLE	<a href='https://www.acroad.ca/certificates/2014/ON-2014-087-BDC.pdf' target='_blank'>ON-2014-087-BDC</a>	<a href='https://www.google.com/maps/place/43.6534817,-79.3839347' target='_blank'>Local street map of course</a>	<a href='https://www.google.com/maps/dir/?api=1&destination=43.6534817,-79.3839347&travelmode=driving' target='_blank'>Driving directions to course</a>		
BC-2014-082-BDC	2014	Langtry Road 342m Calibration Course	342	m	Duncan	BC		British Columbia	Duncan,British Columbia	48.7786872	-123.7080446	PURPLE	<a href='https://www.acroad.ca/certificates/2014/BC-2014-082-BDC.pdf' target='_blank'>BC-2014-082-BDC</a>	<a href='https://www.google.com/maps/place/48.7786872,-123.7080446' target='_blank'>Local street map of course</a>	<a href='https://www.google.com/maps/dir/?api=1&destination=48.7786872,-123.7080446&travelmode=driving' target='_blank'>Driving directions to course</a>		
SK-2014-074-BDC	2014	Lorne Avenue 300m Calibration Course	300	m	Saskatoon	SK		Saskatchewan	Saskatoon,Saskatchewan	52.1318020	-106.6607670	PURPLE	<a href='https://www.acroad.ca/certificates/2014/SK-2014-074-BDC.pdf' target='_blank'>SK-2014-074-BDC</a>	<a href='https://www.google.com/maps/place/52.1318020,-106.6607670' target='_blank'>Local street map of course</a>	<a href='https://www.google.com/maps/dir/?api=1&destination=52.1318020,-106.6607670&travelmode=driving' target='_blank'>Driving directions to course</a>		
ON-2014-023-BDC	2014	Mariners Road 300m Calibration Course	300	m	Erieau	ON		Ontario	Erieau,Ontario	42.2606932	-81.9173021	PURPLE	<a href='https://www.acroad.ca/certificates/2014/ON-2014-023-BDC.pdf' target='_blank'>ON-2014-023-BDC</a>	<a href='https://www.google.com/maps/place/42.2606932,-81.9173021' target='_blank'>Local street map of course</a>	<a href='https://www.google.com/maps/dir/?api=1&destination=42.2606932,-81.9173021&travelmode=driving' target='_blank'>Driving directions to course</a>		
QC-2014-124-BDC	2014	Meech Lake Road 300m Calibration Course	300	m	Gatineau	QC		Quebec	Gatineau,Quebec	45.4277659	-75.7109760	PURPLE	<a href='https://www.acroad.ca/certificates/2014/QC-2014-124-BDC.pdf' target='_blank'>QC-2014-124-BDC</a>	<a href='https://www.google.com/maps/place/45.4277659,-75.7109760' target='_blank'>Local street map of course</a>	<a href='https://www.google.com/maps/dir/?api=1&destination=45.4277659,-75.7109760&travelmode=driving' target='_blank'>Driving directions to course</a>		
QC-2014-124-BDC	2014	Meech Lake Road 300m Calibration Course	300	m	Gatineau	QC		Quebec	Gatineau,Quebec	45.4277659	-75.7109760	PURPLE	<a href='https://www.acroad.ca/certificates/2014/QC-2014-124-BDC.pdf' target='_blank'>QC-2014-124-BDC</a>	<a href='https://www.google.com/maps/place/45.4277659,-75.7109760' target='_blank'>Local street map of course</a>	<a href='https://www.google.com/maps/dir/?api=1&destination=45.4277659,-75.7109760&travelmode=driving' target='_blank'>Driving directions to course</a>		
MB-2014-027-BDC	2014	Monty Hall 300m Calibration Course	300	m	Winnipeg	MB		Manitoba	Winnipeg,Manitoba	49.8955367	-97.1384584	PURPLE	<a href='https://www.acroad.ca/certificates/2014/MB-2014-027-BDC.pdf' target='_blank'>MB-2014-027-BDC</a>	<a href='https://www.google.com/maps/place/49.8955367,-97.1384584' target='_blank'>Local street map of course</a>	<a href='https://www.google.com/maps/dir/?api=1&destination=49.8955367,-97.1384584&travelmode=driving' target='_blank'>Driving directions to course</a>		
BC-2014-079-BDC	2014	Richmond Dyke 300m Calibration Course	300	m	Richmond	BC		British Columbia	Richmond,British Columbia	49.1631680	-123.1374140	PURPLE	<a href='https://www.acroad.ca/certificates/2014/BC-2014-079-BDC.pdf' target='_blank'>BC-2014-079-BDC</a>	<a href='https://www.google.com/maps/place/49.1631680,-123.1374140' target='_blank'>Local street map of course</a>	<a href='https://www.google.com/maps/dir/?api=1&destination=49.1631680,-123.1374140&travelmode=driving' target='_blank'>Driving directions to course</a>		
ON-2014-056-BDC	2014	Robert Street 300m Calibration Course	300	m	Milton	ON		Ontario	Milton,Ontario	43.5136710	-79.8828170	PURPLE	<a href='https://www.acroad.ca/certificates/2014/ON-2014-056-BDC.pdf' target='_blank'>ON-2014-056-BDC</a>	<a href='https://www.google.com/maps/place/43.5136710,-79.8828170' target='_blank'>Local street map of course</a>	<a href='https://www.google.com/maps/dir/?api=1&destination=43.5136710,-79.8828170&travelmode=driving' target='_blank'>Driving directions to course</a>		
QC-2014-110-BDC	2014	Rue de Gaspé 300m calibration course	300	m	Montreal	QC		Quebec	Montreal,Quebec	45.5031824	-73.5698065	PURPLE	<a href='https://www.acroad.ca/certificates/2014/QC-2014-110-BDC.pdf' target='_blank'>QC-2014-110-BDC</a>	<a href='https://www.google.com/maps/place/45.5031824,-73.5698065' target='_blank'>Local street map of course</a>	<a href='https://www.google.com/maps/dir/?api=1&destination=45.5031824,-73.5698065&travelmode=driving' target='_blank'>Driving directions to course</a>		
ON-2014-117-BDC	2014	Tom Longboat Lane 300m Calibration Course	300	m	Toronto	ON		Ontario	Toronto,Ontario	43.6534817	-79.3839347	PURPLE	<a href='https://www.acroad.ca/certificates/2014/ON-2014-117-BDC.pdf' target='_blank'>ON-2014-117-BDC</a>	<a href='https://www.google.com/maps/place/43.6534817,-79.3839347' target='_blank'>Local street map of course</a>	<a href='https://www.google.com/maps/dir/?api=1&destination=43.6534817,-79.3839347&travelmode=driving' target='_blank'>Driving directions to course</a>		
BC-2013-029-BDC	2013	Atkins Trail 300 m Cal Course	300	m	Victoria	BC		British Columbia	Victoria,British Columbia	48.4283182	-123.3649530	PURPLE	<a href='https://www.acroad.ca/certificates/2013/bc-2013-029-BDC.pdf' target='_blank'>BC-2013-029-BDC</a>	<a href='https://www.google.com/maps/place/48.4283182,-123.3649530' target='_blank'>Local street map of course</a>	<a href='https://www.google.com/maps/dir/?api=1&destination=48.4283182,-123.3649530&travelmode=driving' target='_blank'>Driving directions to course</a>		
ON-2013-092-BDC	2013	Beach Blvd. 300 m Calibration Course	300	m	Hamilton	ON		Ontario	Hamilton,Ontario	43.2560802	-79.8728583	PURPLE	<a href='https://www.acroad.ca/certificates/2013/on-2013-092-BDC.pdf' target='_blank'>ON-2013-092-BDC</a>	<a href='https://www.google.com/maps/place/43.2560802,-79.8728583' target='_blank'>Local street map of course</a>	<a href='https://www.google.com/maps/dir/?api=1&destination=43.2560802,-79.8728583&travelmode=driving' target='_blank'>Driving directions to course</a>		
MB-2013-145-BDC	2013	Conservatory Bike Path 300 m Calibration Course	300	m	Winnipeg	MB		Manitoba	Winnipeg,Manitoba	49.8955367	-97.1384584	PURPLE	<a href='https://www.acroad.ca/certificates/2013/mb-2013-145-BDC.pdf' target='_blank'>MB-2013-145-BDC</a>	<a href='https://www.google.com/maps/place/49.8955367,-97.1384584' target='_blank'>Local street map of course</a>	<a href='https://www.google.com/maps/dir/?api=1&destination=49.8955367,-97.1384584&travelmode=driving' target='_blank'>Driving directions to course</a>		
MB-2013-080-BDC	2013	Craig Ave. 300 m Cal. Course	300	m	Lower Fort Garry	MB		Manitoba	Lower Fort Garry,Manitoba	50.1121325	-96.9316184	PURPLE	<a href='https://www.acroad.ca/certificates/2013/mb-2013-080-BDC.pdf' target='_blank'>MB-2013-080-BDC</a>	<a href='https://www.google.com/maps/place/50.1121325,-96.9316184' target='_blank'>Local street map of course</a>	<a href='https://www.google.com/maps/dir/?api=1&destination=50.1121325,-96.9316184&travelmode=driving' target='_blank'>Driving directions to course</a>		
MB-2013-060-BDC	2013	East Gate 300 m Cal. Course	300	m	Winnipeg	MB		Manitoba	Winnipeg,Manitoba	49.8955367	-97.1384584	PURPLE	<a href='https://www.acroad.ca/certificates/2013/mb-2013-060-BDC.pdf' target='_blank'>MB-2013-060-BDC</a>	<a href='https://www.google.com/maps/place/49.8955367,-97.1384584' target='_blank'>Local street map of course</a>	<a href='https://www.google.com/maps/dir/?api=1&destination=49.8955367,-97.1384584&travelmode=driving' target='_blank'>Driving directions to course</a>		
QC-2013-095-BDC	2013	Etalon de 300 m Boul. Etudiants	300	m	Magog	QC		Quebec	Magog,Quebec	45.2658014	-72.1480686	PURPLE	<a href='https://www.acroad.ca/certificates/2013/qc-2013-095-BDC.pdf' target='_blank'>QC-2013-095-BDC</a>	<a href='https://www.google.com/maps/place/45.2658014,-72.1480686' target='_blank'>Local street map of course</a>	<a href='https://www.google.com/maps/dir/?api=1&destination=45.2658014,-72.1480686&travelmode=driving' target='_blank'>Driving directions to course</a>		
QC-2013-094-BDC	2013	Etalon de 300 m du marais	300	m	Magog	QC		Quebec	Magog,Quebec	45.2658014	-72.1480686	PURPLE	<a href='https://www.acroad.ca/certificates/2013/qc-2013-094-BDC.pdf' target='_blank'>QC-2013-094-BDC</a>	<a href='https://www.google.com/maps/place/45.2658014,-72.1480686' target='_blank'>Local street map of course</a>	<a href='https://www.google.com/maps/dir/?api=1&destination=45.2658014,-72.1480686&travelmode=driving' target='_blank'>Driving directions to course</a>		
QC-2013-096-BDC	2013	Etalon de 300 m Piste Lloyd Langton	300	m	Magog	QC		Quebec	Magog,Quebec	45.2658014	-72.1480686	PURPLE	<a href='https://www.acroad.ca/certificates/2013/qc-2013-096-BDC.pdf' target='_blank'>QC-2013-096-BDC</a>	<a href='https://www.google.com/maps/place/45.2658014,-72.1480686' target='_blank'>Local street map of course</a>	<a href='https://www.google.com/maps/dir/?api=1&destination=45.2658014,-72.1480686&travelmode=driving' target='_blank'>Driving directions to course</a>		
QC-2013-151-BDC	2013	Etalon Rue Jean-Baptiste-Gelineault	300	m	Yamachiche	QC		Quebec	Yamachiche,Quebec	46.2824280	-72.8307720	PURPLE	<a href='https://www.acroad.ca/certificates/2013/qc-2013-151-BDC.pdf' target='_blank'>QC-2013-151-BDC</a>	<a href='https://www.google.com/maps/place/46.2824280,-72.8307720' target='_blank'>Local street map of course</a>	<a href='https://www.google.com/maps/dir/?api=1&destination=46.2824280,-72.8307720&travelmode=driving' target='_blank'>Driving directions to course</a>		
ON-2013-091-BDC	2013	First Road E. 300 m Calibration Course	300	m	Hamilton	ON		Ontario	Hamilton,Ontario	43.2560802	-79.8728583	PURPLE	<a href='https://www.acroad.ca/certificates/2013/on-2013-091-BDC.pdf' target='_blank'>ON-2013-091-BDC</a>	<a href='https://www.google.com/maps/place/43.2560802,-79.8728583' target='_blank'>Local street map of course</a>	<a href='https://www.google.com/maps/dir/?api=1&destination=43.2560802,-79.8728583&travelmode=driving' target='_blank'>Driving directions to course</a>		
BC-2013-019-BDC	2013	Gordon Drive 500 m Cal. Course	500	m	Kelowna	BC		British Columbia	Kelowna,British Columbia	49.8879177	-119.4959020	PURPLE	<a href='https://www.acroad.ca/certificates/2013/bc-2013-019-BDC.pdf' target='_blank'>BC-2013-019-BDC</a>	<a href='https://www.google.com/maps/place/49.8879177,-119.4959020' target='_blank'>Local street map of course</a>	<a href='https://www.google.com/maps/dir/?api=1&destination=49.8879177,-119.4959020&travelmode=driving' target='_blank'>Driving directions to course</a>		
MB-2013-034-BDC	2013	Hanover St. 300 m Cal. Course	300	m	Steinbach	MB		Manitoba	Steinbach,Manitoba	49.5254414	-96.6854275	PURPLE	<a href='https://www.acroad.ca/certificates/2013/mb-2013-034-BDC.pdf' target='_blank'>MB-2013-034-BDC</a>	<a href='https://www.google.com/maps/place/49.5254414,-96.6854275' target='_blank'>Local street map of course</a>	<a href='https://www.google.com/maps/dir/?api=1&destination=49.5254414,-96.6854275&travelmode=driving' target='_blank'>Driving directions to course</a>		
ON-2013-018-BDC	2013	Hargrieve Road 300 m Cal. Course	300	m	London	ON		Ontario	London,Ontario	42.9836747	-81.2496068	PURPLE	<a href='https://www.acroad.ca/certificates/2013/on-2013-018-BDC.pdf' target='_blank'>ON-2013-018-BDC</a>	<a href='https://www.google.com/maps/place/42.9836747,-81.2496068' target='_blank'>Local street map of course</a>	<a href='https://www.google.com/maps/dir/?api=1&destination=42.9836747,-81.2496068&travelmode=driving' target='_blank'>Driving directions to course</a>		
ON-2013-027-BDC	2013	Hydro Road 300 m Cal. Course	300	m	Mississauga	ON		Ontario	Mississauga,Ontario	43.5884727	-79.6436580	PURPLE	<a href='https://www.acroad.ca/certificates/2013/on-2013-027-BDC.pdf' target='_blank'>ON-2013-027-BDC</a>	<a href='https://www.google.com/maps/place/43.5884727,-79.6436580' target='_blank'>Local street map of course</a>	<a href='https://www.google.com/maps/dir/?api=1&destination=43.5884727,-79.6436580&travelmode=driving' target='_blank'>Driving directions to course</a>		
BC-2013-011-BDC	2013	Lochside Cut 400 m Cal. Course	400	m	Victoria	BC		British Columbia	Victoria,British Columbia	48.4283182	-123.3649530	PURPLE	<a href='https://www.acroad.ca/certificates/2013/bc-2013-011-BDC.pdf' target='_blank'>BC-2013-011-BDC</a>	<a href='https://www.google.com/maps/place/48.4283182,-123.3649530' target='_blank'>Local street map of course</a>	<a href='https://www.google.com/maps/dir/?api=1&destination=48.4283182,-123.3649530&travelmode=driving' target='_blank'>Driving directions to course</a>		
ON-2013-135-BDC	2013	Longboat Ave. 300 m calibration Course	300	m	Toronto	ON		Ontario	Toronto,Ontario	43.6534817	-79.3839347	PURPLE	<a href='https://www.acroad.ca/certificates/2013/on-2013-135-BDC.pdf' target='_blank'>ON-2013-135-BDC</a>	<a href='https://www.google.com/maps/place/43.6534817,-79.3839347' target='_blank'>Local street map of course</a>	<a href='https://www.google.com/maps/dir/?api=1&destination=43.6534817,-79.3839347&travelmode=driving' target='_blank'>Driving directions to course</a>		
ON-2013-008-BDC	2013	Millenium 299.937 m Cal. Course	299.937	m	Waterloo	ON		Ontario	Waterloo,Ontario	43.4652699	-80.5222961	PURPLE	<a href='https://www.acroad.ca/certificates/2013/on-2013-008-BDC.pdf' target='_blank'>ON-2013-008-BDC</a>	<a href='https://www.google.com/maps/place/43.4652699,-80.5222961' target='_blank'>Local street map of course</a>	<a href='https://www.google.com/maps/dir/?api=1&destination=43.4652699,-80.5222961&travelmode=driving' target='_blank'>Driving directions to course</a>		
MB-2013-068-BDC	2013	North Drive 300 m Cal. Course	300	m	Birds Hill Park	MB		Manitoba	Birds Hill Park,Manitoba	50.0295986	-96.8853168	PURPLE	<a href='https://www.acroad.ca/certificates/2013/mb-2013-068-BDC.pdf' target='_blank'>MB-2013-068-BDC</a>	<a href='https://www.google.com/maps/place/50.0295986,-96.8853168' target='_blank'>Local street map of course</a>	<a href='https://www.google.com/maps/dir/?api=1&destination=50.0295986,-96.8853168&travelmode=driving' target='_blank'>Driving directions to course</a>		
QC-2013-051-BDC	2013	Parcours d'étalonnage avenue du Phare	300	m	Carleton-Sur Mer	QC		Quebec	Carleton-Sur Mer,Quebec	48.1014640	-66.1140521	PURPLE	<a href='https://www.acroad.ca/certificates/2013/qc-2013-051-BDC.pdf' target='_blank'>QC-2013-051-BDC</a>	<a href='https://www.google.com/maps/place/48.1014640,-66.1140521' target='_blank'>Local street map of course</a>	<a href='https://www.google.com/maps/dir/?api=1&destination=48.1014640,-66.1140521&travelmode=driving' target='_blank'>Driving directions to course</a>		
BC-2014-033-BDC	2014	Pioneer Crescent Calibration Course	300	m	Parksville	BC		British Columbia	Parksville,British Columbia	49.3179514	-124.3117390	PURPLE	<a href='https://www.acroad.ca/certificates/2013/BC-2014-033-BDC.pdf' target='_blank'>BC-2014-033-BDC</a>	<a href='https://www.google.com/maps/place/49.3179514,-124.3117390' target='_blank'>Local street map of course</a>	<a href='https://www.google.com/maps/dir/?api=1&destination=49.3179514,-124.3117390&travelmode=driving' target='_blank'>Driving directions to course</a>		
BC-2013-047-BDC	2013	Ponderosa Way 300 m Cal. Course	300	m	Merritt	BC		British Columbia	Merritt,British Columbia	50.1124876	-120.7884149	PURPLE	<a href='https://www.acroad.ca/certificates/2013/bc-2013-047-BDC.pdf' target='_blank'>BC-2013-047-BDC</a>	<a href='https://www.google.com/maps/place/50.1124876,-120.7884149' target='_blank'>Local street map of course</a>	<a href='https://www.google.com/maps/dir/?api=1&destination=50.1124876,-120.7884149&travelmode=driving' target='_blank'>Driving directions to course</a>		
ON-2013-157-BDC	2013	Sawmill Road 300m Calibration Course	300	m	Conestogo	ON		Ontario	Conestogo,Ontario	43.5412599	-80.5048699	PURPLE	<a href='https://www.acroad.ca/certificates/2013/ON-2013-157-BDC.pdf' target='_blank'>ON-2013-157-BDC</a>	<a href='https://www.google.com/maps/place/43.5412599,-80.5048699' target='_blank'>Local street map of course</a>	<a href='https://www.google.com/maps/dir/?api=1&destination=43.5412599,-80.5048699&travelmode=driving' target='_blank'>Driving directions to course</a>		
ON-2013-136-BDC	2013	Sherwood Ave. 300 m Calibration Course	300	m	London	ON		Ontario	London,Ontario	42.9836747	-81.2496068	PURPLE	<a href='https://www.acroad.ca/certificates/2013/on-2013-136-BDC.pdf' target='_blank'>ON-2013-136-BDC</a>	<a href='https://www.google.com/maps/place/42.9836747,-81.2496068' target='_blank'>Local street map of course</a>	<a href='https://www.google.com/maps/dir/?api=1&destination=42.9836747,-81.2496068&travelmode=driving' target='_blank'>Driving directions to course</a>		
MB-2013-100-BDC	2013	St. Michael's Road 300 m calibration Course	300	m	Winnipeg	MB		Manitoba	Winnipeg,Manitoba	49.8955367	-97.1384584	PURPLE	<a href='https://www.acroad.ca/certificates/2013/mb-2013-100-BDC.pdf' target='_blank'>MB-2013-100-BDC</a>	<a href='https://www.google.com/maps/place/49.8955367,-97.1384584' target='_blank'>Local street map of course</a>	<a href='https://www.google.com/maps/dir/?api=1&destination=49.8955367,-97.1384584&travelmode=driving' target='_blank'>Driving directions to course</a>		
ON-2013-106-BDC	2013	Stewart Road 300 m Calibration Course	300	m	Collingwood	ON		Ontario	Collingwood,Ontario	44.5027226	-80.2172379	PURPLE	<a href='https://www.acroad.ca/certificates/2013/on-2013-106-BDC.pdf' target='_blank'>ON-2013-106-BDC</a>	<a href='https://www.google.com/maps/place/44.5027226,-80.2172379' target='_blank'>Local street map of course</a>	<a href='https://www.google.com/maps/dir/?api=1&destination=44.5027226,-80.2172379&travelmode=driving' target='_blank'>Driving directions to course</a>		
ON-2013-048-BDC	2013	Waterfront Trail 299.983 m Cal. Course	299.983	m	Hamilton	ON		Ontario	Hamilton,Ontario	43.2560802	-79.8728583	PURPLE	<a href='https://www.acroad.ca/certificates/2013/on-2013-048-BDC.pdf' target='_blank'>ON-2013-048-BDC</a>	<a href='https://www.google.com/maps/place/43.2560802,-79.8728583' target='_blank'>Local street map of course</a>	<a href='https://www.google.com/maps/dir/?api=1&destination=43.2560802,-79.8728583&travelmode=driving' target='_blank'>Driving directions to course</a>		
BC-2013-123-BDC	2013	Weddell Pl. 300 m Calibration Course	300	m	Kelowna	BC		British Columbia	Kelowna,British Columbia	49.8879177	-119.4959020	PURPLE	<a href='https://www.acroad.ca/certificates/2013/bc-2013-123-BDC.pdf' target='_blank'>BC-2013-123-BDC</a>	<a href='https://www.google.com/maps/place/49.8879177,-119.4959020' target='_blank'>Local street map of course</a>	<a href='https://www.google.com/maps/dir/?api=1&destination=49.8879177,-119.4959020&travelmode=driving' target='_blank'>Driving directions to course</a>		
AB-2012-014-BDC	2012	14th Avenue SE 300m Calibration Course	300	m	Calgary	AB		Alberta	Calgary,Alberta	51.0456064	-114.0575410	PURPLE	<a href='https://www.acroad.ca/certificates/2012/AB-2012-014-BDC.pdf' target='_blank'>AB-2012-014-BDC</a>	<a href='https://www.google.com/maps/place/51.0456064,-114.0575410' target='_blank'>Local street map of course</a>	<a href='https://www.google.com/maps/dir/?api=1&destination=51.0456064,-114.0575410&travelmode=driving' target='_blank'>Driving directions to course</a>		
MB-2012-109-BDC	2012	Armstrong Ave 300m Calibration Course	300	m	Winnipeg	MB		Manitoba	Winnipeg,Manitoba	49.8955367	-97.1384584	PURPLE	<a href='https://www.acroad.ca/certificates/2012/MB-2012-109-BDC.pdf' target='_blank'>MB-2012-109-BDC</a>	<a href='https://www.google.com/maps/place/49.8955367,-97.1384584' target='_blank'>Local street map of course</a>	<a href='https://www.google.com/maps/dir/?api=1&destination=49.8955367,-97.1384584&travelmode=driving' target='_blank'>Driving directions to course</a>		
ON-2012-063-BDC	2012	Arthur Street 300m Calibration Course	300	m	Perth	ON		Ontario	Perth,Ontario	43.4935991	-81.0164111	PURPLE	<a href='https://www.acroad.ca/certificates/2012/ON-2012-063-BDC.pdf' target='_blank'>ON-2012-063-BDC</a>	<a href='https://www.google.com/maps/place/43.4935991,-81.0164111' target='_blank'>Local street map of course</a>	<a href='https://www.google.com/maps/dir/?api=1&destination=43.4935991,-81.0164111&travelmode=driving' target='_blank'>Driving directions to course</a>		
QC-2012-077-BDC	2012	Boulevard Jacques-Cartier Est 300m Calibration Course	300	m	Longueuil	QC		Quebec	Longueuil,Quebec	45.5219060	-73.4644578	PURPLE	<a href='https://www.acroad.ca/certificates/2012/QC-2012-077-BDC.pdf' target='_blank'>QC-2012-077-BDC</a>	<a href='https://www.google.com/maps/place/45.5219060,-73.4644578' target='_blank'>Local street map of course</a>	<a href='https://www.google.com/maps/dir/?api=1&destination=45.5219060,-73.4644578&travelmode=driving' target='_blank'>Driving directions to course</a>		
AB-2012-120-BDC	2012	Cattalo Road 360m Calibration Course	360	m	Denwood	AB		Alberta	Denwood,Alberta	52.8297573	-110.8834977	PURPLE	<a href='https://www.acroad.ca/certificates/2012/AB-2012-120-BDC.pdf' target='_blank'>AB-2012-120-BDC</a>	<a href='https://www.google.com/maps/place/52.8297573,-110.8834977' target='_blank'>Local street map of course</a>	<a href='https://www.google.com/maps/dir/?api=1&destination=52.8297573,-110.8834977&travelmode=driving' target='_blank'>Driving directions to course</a>		
BC-2012-046-BDC	2012	Colony Farm Road 299.942m Calibration Course	299.942	m	Port Coquitlam	BC		British Columbia	Port Coquitlam,British Columbia	49.2621643	-122.7805420	PURPLE	<a href='https://www.acroad.ca/certificates/2012/BC-2012-046-BDC.pdf' target='_blank'>BC-2012-046-BDC</a>	<a href='https://www.google.com/maps/place/49.2621643,-122.7805420' target='_blank'>Local street map of course</a>	<a href='https://www.google.com/maps/dir/?api=1&destination=49.2621643,-122.7805420&travelmode=driving' target='_blank'>Driving directions to course</a>		
ON-2012-016-BDC	2012	Commissioners St. 300m Calibration Course	300	m	West Zorra Township	ON		Ontario	West Zorra Township,Ontario			PURPLE	<a href='https://www.acroad.ca/certificates/2012/ON-2012-016-BDC.pdf' target='_blank'>ON-2012-016-BDC</a>				
ON-2012-087-BDC	2012	Croft Drive 300m Calibration Course	300	m	Lakeshore	ON		Ontario	Lakeshore,Ontario	42.3038299	-82.8189267	PURPLE	<a href='https://www.acroad.ca/certificates/2012/ON-2012-087-BDC.pdf' target='_blank'>ON-2012-087-BDC</a>	<a href='https://www.google.com/maps/place/42.3038299,-82.8189267' target='_blank'>Local street map of course</a>	<a href='https://www.google.com/maps/dir/?api=1&destination=42.3038299,-82.8189267&travelmode=driving' target='_blank'>Driving directions to course</a>		
NS-2012-115-BDC	2012	George Street 299.986m Calibration Course	299.986	m	Sydney	NS		Nova Scotia	Sydney,Nova Scotia	46.1382112	-60.1941912	PURPLE	<a href='https://www.acroad.ca/certificates/2012/NS-2012-115-BDC.pdf' target='_blank'>NS-2012-115-BDC</a>	<a href='https://www.google.com/maps/place/46.1382112,-60.1941912' target='_blank'>Local street map of course</a>	<a href='https://www.google.com/maps/dir/?api=1&destination=46.1382112,-60.1941912&travelmode=driving' target='_blank'>Driving directions to course</a>		
ON-2012-037-BDC	2012	Gilkison St. 300m Calibration Course	300	m	Brantford	ON		Ontario	Brantford,Ontario	43.1408157	-80.2631733	PURPLE	<a href='https://www.acroad.ca/certificates/2012/ON-2012-037-BDC.pdf' target='_blank'>ON-2012-037-BDC</a>	<a href='https://www.google.com/maps/place/43.1408157,-80.2631733' target='_blank'>Local street map of course</a>	<a href='https://www.google.com/maps/dir/?api=1&destination=43.1408157,-80.2631733&travelmode=driving' target='_blank'>Driving directions to course</a>		
MB-2012-129-BDC	2012	Grant Ave. Bike path (North Side) 300m Calibration Course	300	m	Winnipeg	MB		Manitoba	Winnipeg,Manitoba	49.8955367	-97.1384584	PURPLE	<a href='https://www.acroad.ca/certificates/2012/MB-2012-129-BDC.pdf' target='_blank'>MB-2012-129-BDC</a>	<a href='https://www.google.com/maps/place/49.8955367,-97.1384584' target='_blank'>Local street map of course</a>	<a href='https://www.google.com/maps/dir/?api=1&destination=49.8955367,-97.1384584&travelmode=driving' target='_blank'>Driving directions to course</a>		
ON-2012-116-BDC	2012	Hamshire Way 300m Calibration Course	300	m	Milton	ON		Ontario	Milton,Ontario	43.5136710	-79.8828170	PURPLE	<a href='https://www.acroad.ca/certificates/2012/ON-2012-116-BDC.pdf' target='_blank'>ON-2012-116-BDC</a>	<a href='https://www.google.com/maps/place/43.5136710,-79.8828170' target='_blank'>Local street map of course</a>	<a href='https://www.google.com/maps/dir/?api=1&destination=43.5136710,-79.8828170&travelmode=driving' target='_blank'>Driving directions to course</a>		
MB-2012-084-BDC	2012	Harris Road 302.333m Calibration Course	302.333	m	Winnipeg	MB		Manitoba	Winnipeg,Manitoba	49.8955367	-97.1384584	PURPLE	<a href='https://www.acroad.ca/certificates/2012/MB-2012-084-BDC.pdf' target='_blank'>MB-2012-084-BDC</a>	<a href='https://www.google.com/maps/place/49.8955367,-97.1384584' target='_blank'>Local street map of course</a>	<a href='https://www.google.com/maps/dir/?api=1&destination=49.8955367,-97.1384584&travelmode=driving' target='_blank'>Driving directions to course</a>		
MB-2012-130-BDC	2012	Harte Trail 300m Calibration Course	300	m	Winnipeg	MB		Manitoba	Winnipeg,Manitoba	49.8955367	-97.1384584	PURPLE	<a href='https://www.acroad.ca/certificates/2012/MB-2012-130-BDC.pdf' target='_blank'>MB-2012-130-BDC</a>	<a href='https://www.google.com/maps/place/49.8955367,-97.1384584' target='_blank'>Local street map of course</a>	<a href='https://www.google.com/maps/dir/?api=1&destination=49.8955367,-97.1384584&travelmode=driving' target='_blank'>Driving directions to course</a>		
NS-2012-0690-BDC	2012	Highway 209 300m Calibration Course	300	m	Parrsboro	NS		Nova Scotia	Parrsboro,Nova Scotia	45.4054809	-64.3260590	PURPLE	<a href='https://www.acroad.ca/certificates/2012/NS-2012-0690-BDC.pdf' target='_blank'>NS-2012-0690-BDC</a>	<a href='https://www.google.com/maps/place/45.4054809,-64.3260590' target='_blank'>Local street map of course</a>	<a href='https://www.google.com/maps/dir/?api=1&destination=45.4054809,-64.3260590&travelmode=driving' target='_blank'>Driving directions to course</a>		
ON-2012-052-BDC	2012	Kitchener Street 300m Calibration Course	300	m	Niagara Falls	ON		Ontario	Niagara Falls,Ontario	43.1065603	-79.0639039	PURPLE	<a href='https://www.acroad.ca/certificates/2012/ON-2012-052-BDC.pdf' target='_blank'>ON-2012-052-BDC</a>	<a href='https://www.google.com/maps/place/43.1065603,-79.0639039' target='_blank'>Local street map of course</a>	<a href='https://www.google.com/maps/dir/?api=1&destination=43.1065603,-79.0639039&travelmode=driving' target='_blank'>Driving directions to course</a>		
ON-2012-151-BDC	2012	Laurelwood Dr 300 m Calibration Course	300	m	Waterloo	ON		Ontario	Waterloo,Ontario	43.4652699	-80.5222961	PURPLE	<a href='https://www.acroad.ca/certificates/2012/on-2012-151-BDC.pdf' target='_blank'>ON-2012-151-BDC</a>	<a href='https://www.google.com/maps/place/43.4652699,-80.5222961' target='_blank'>Local street map of course</a>	<a href='https://www.google.com/maps/dir/?api=1&destination=43.4652699,-80.5222961&travelmode=driving' target='_blank'>Driving directions to course</a>		
NS-2012-112-BDC	2012	Main Road 300m Calibration Course	300	m	Eastern Passage	NS		Nova Scotia	Eastern Passage,Nova Scotia	44.6116121	-63.4895289	PURPLE	<a href='https://www.acroad.ca/certificates/2012/NS-2012-112-BDC.pdf' target='_blank'>NS-2012-112-BDC</a>	<a href='https://www.google.com/maps/place/44.6116121,-63.4895289' target='_blank'>Local street map of course</a>	<a href='https://www.google.com/maps/dir/?api=1&destination=44.6116121,-63.4895289&travelmode=driving' target='_blank'>Driving directions to course</a>		
ON-2012-147-BDC	2012	Margaret Street 300m Calibration Course	300	m	London	ON		Ontario	London,Ontario	42.9836747	-81.2496068	PURPLE	<a href='https://www.acroad.ca/certificates/2012/ON-2012-147-BDC.pdf' target='_blank'>ON-2012-147-BDC</a>	<a href='https://www.google.com/maps/place/42.9836747,-81.2496068' target='_blank'>Local street map of course</a>	<a href='https://www.google.com/maps/dir/?api=1&destination=42.9836747,-81.2496068&travelmode=driving' target='_blank'>Driving directions to course</a>		
ON-2012-058-BDC	2012	Marina Park Drive 300m Calibration Course	300	m	Thunder Bay	QC		Quebec	Thunder Bay,Quebec			PURPLE	<a href='https://www.acroad.ca/certificates/2012/ON-2012-058-BDC.pdf' target='_blank'>ON-2012-058-BDC</a>				
NL-2012-027-BDC	2012	Memorial Drive 500m Calibration Course	500	m	Gander	NL		Newfoundland and Labrador	Gander,Newfoundland and Labrador	48.9592291	-54.6187879	PURPLE	<a href='https://www.acroad.ca/certificates/2012/NL-2012-027-BDC.pdf' target='_blank'>NL-2012-027-BDC</a>	<a href='https://www.google.com/maps/place/48.9592291,-54.6187879' target='_blank'>Local street map of course</a>	<a href='https://www.google.com/maps/dir/?api=1&destination=48.9592291,-54.6187879&travelmode=driving' target='_blank'>Driving directions to course</a>		
NB-2012-159-BDC	2012	Moncton Coliseum P.L. 300 m Calibration Course	300	m	Moncton	NB		New Brunswick	Moncton,New Brunswick	46.0985679	-64.8004265	PURPLE	<a href='https://www.acroad.ca/certificates/2012/nb-2012-159-BDC.pdf' target='_blank'>NB-2012-159-BDC</a>	<a href='https://www.google.com/maps/place/46.0985679,-64.8004265' target='_blank'>Local street map of course</a>	<a href='https://www.google.com/maps/dir/?api=1&destination=46.0985679,-64.8004265&travelmode=driving' target='_blank'>Driving directions to course</a>		
CRC-2012-162-BDC	2012	National Stadium 304.632 m Calibration Course	304.632	m	San Jos				San Jos	14.7383651	-87.9131361	PURPLE	<a href='https://www.acroad.ca/certificates/2012/crc-2012-162-BDC.pdf' target='_blank'>CRC-2012-162-BDC</a>	<a href='https://www.google.com/maps/place/14.7383651,-87.9131361' target='_blank'>Local street map of course</a>	<a href='https://www.google.com/maps/dir/?api=1&destination=14.7383651,-87.9131361&travelmode=driving' target='_blank'>Driving directions to course</a>		
BC-2012-099-BDC	2012	Northern Bike Path 300.053m Calibration Course	300.053	m	Vancouver	BC		British Columbia	Vancouver,British Columbia	49.2608724	-123.1139520	PURPLE	<a href='https://www.acroad.ca/certificates/2012/BC-2012-099-BDC.pdf' target='_blank'>BC-2012-099-BDC</a>	<a href='https://www.google.com/maps/place/49.2608724,-123.1139520' target='_blank'>Local street map of course</a>	<a href='https://www.google.com/maps/dir/?api=1&destination=49.2608724,-123.1139520&travelmode=driving' target='_blank'>Driving directions to course</a>		
BC-2012-165-BDC	2012	Old Bamberton Haul Rd. 333.333 m Cal. Course	333.333	m	Shawnigan Lake	BC		British Columbia	Shawnigan Lake,British Columbia	48.6538128	-123.6229791	PURPLE	<a href='https://www.acroad.ca/certificates/2012/bc-2012-165-BDC.pdf' target='_blank'>BC-2012-165-BDC</a>	<a href='https://www.google.com/maps/place/48.6538128,-123.6229791' target='_blank'>Local street map of course</a>	<a href='https://www.google.com/maps/dir/?api=1&destination=48.6538128,-123.6229791&travelmode=driving' target='_blank'>Driving directions to course</a>		
MB-2012-075-BDC	2012	Parkville Drive 350m Calibration Course	350	m	Winnipeg	MB		Manitoba	Winnipeg,Manitoba	49.8955367	-97.1384584	PURPLE	<a href='https://www.acroad.ca/certificates/2012/MB-2012-075-BDC.pdf' target='_blank'>MB-2012-075-BDC</a>	<a href='https://www.google.com/maps/place/49.8955367,-97.1384584' target='_blank'>Local street map of course</a>	<a href='https://www.google.com/maps/dir/?api=1&destination=49.8955367,-97.1384584&travelmode=driving' target='_blank'>Driving directions to course</a>		
AB-2012-123-BDC	2012	Paved Trail parallel to Hwy 884 400m Calibration Course	400	m	Ralston	AB		Alberta	Ralston,Alberta	50.2458546	-111.1682865	PURPLE	<a href='https://www.acroad.ca/certificates/2012/AB-2012-123-BDC.pdf' target='_blank'>AB-2012-123-BDC</a>	<a href='https://www.google.com/maps/place/50.2458546,-111.1682865' target='_blank'>Local street map of course</a>	<a href='https://www.google.com/maps/dir/?api=1&destination=50.2458546,-111.1682865&travelmode=driving' target='_blank'>Driving directions to course</a>		
BC-2012-074-BDC	2012	Queens Way 300m Calibration Course	300	m	Squamish	BC		British Columbia	Squamish,British Columbia	49.6980743	-123.1558610	PURPLE	<a href='https://www.acroad.ca/certificates/2012/BC-2012-074-BDC.pdf' target='_blank'>BC-2012-074-BDC</a>	<a href='https://www.google.com/maps/place/49.6980743,-123.1558610' target='_blank'>Local street map of course</a>	<a href='https://www.google.com/maps/dir/?api=1&destination=49.6980743,-123.1558610&travelmode=driving' target='_blank'>Driving directions to course</a>		
ON-2012-095-BDC	2012	Sawmill Road 300m Calibration Course	300	m	Conestogo	ON		Ontario	Conestogo,Ontario	43.5412599	-80.5048699	PURPLE	<a href='https://www.acroad.ca/certificates/2012/ON-2012-095-BDC.pdf' target='_blank'>ON-2012-095-BDC</a>	<a href='https://www.google.com/maps/place/43.5412599,-80.5048699' target='_blank'>Local street map of course</a>	<a href='https://www.google.com/maps/dir/?api=1&destination=43.5412599,-80.5048699&travelmode=driving' target='_blank'>Driving directions to course</a>		
ON-2012-011-BDC	2012	Snyder Ave. South 300m Calibration Course	300	m	Elmira	ON		Ontario	Elmira,Ontario	43.5893917	-80.5507359	PURPLE	<a href='https://www.acroad.ca/certificates/2012/ON-2012-011-BDC.pdf' target='_blank'>ON-2012-011-BDC</a>	<a href='https://www.google.com/maps/place/43.5893917,-80.5507359' target='_blank'>Local street map of course</a>	<a href='https://www.google.com/maps/dir/?api=1&destination=43.5893917,-80.5507359&travelmode=driving' target='_blank'>Driving directions to course</a>		
MB-2012-090-BDC	2012	Stevens Ave 400m Calibration Course	400	m	Lockport	MB		Manitoba	Lockport,Manitoba	50.0858311	-96.9424568	PURPLE	<a href='https://www.acroad.ca/certificates/2012/MB-2012-090-BDC.pdf' target='_blank'>MB-2012-090-BDC</a>	<a href='https://www.google.com/maps/place/50.0858311,-96.9424568' target='_blank'>Local street map of course</a>	<a href='https://www.google.com/maps/dir/?api=1&destination=50.0858311,-96.9424568&travelmode=driving' target='_blank'>Driving directions to course</a>		
QC-2012-148-BDC	2012	T.D. Bouchard Avenue 300 m Cal. Course	300	m	Saint-Hyacinthe	QC		Quebec	Saint-Hyacinthe,Quebec	45.6274840	-72.9406360	PURPLE	<a href='https://www.acroad.ca/certificates/2012/qc-2012-148-BDC.pdf' target='_blank'>QC-2012-148-BDC</a>	<a href='https://www.google.com/maps/place/45.6274840,-72.9406360' target='_blank'>Local street map of course</a>	<a href='https://www.google.com/maps/dir/?api=1&destination=45.6274840,-72.9406360&travelmode=driving' target='_blank'>Driving directions to course</a>		
ON-2012-057-BDC	2012	Thomas Street 300m Calibration Course	300	m	St. Marys	ON		Ontario	St. Marys,Ontario	43.2570855	-81.1408629	PURPLE	<a href='https://www.acroad.ca/certificates/2012/ON-2012-057-BDC.pdf' target='_blank'>ON-2012-057-BDC</a>	<a href='https://www.google.com/maps/place/43.2570855,-81.1408629' target='_blank'>Local street map of course</a>	<a href='https://www.google.com/maps/dir/?api=1&destination=43.2570855,-81.1408629&travelmode=driving' target='_blank'>Driving directions to course</a>		
MB-2012-060-BDC	2012	William Street 300m Calibration Course	300	m	Neepawa	MB		Manitoba	Neepawa,Manitoba	50.2284172	-99.4664008	PURPLE	<a href='https://www.acroad.ca/certificates/2012/MB-2012-060-BDC.pdf' target='_blank'>MB-2012-060-BDC</a>	<a href='https://www.google.com/maps/place/50.2284172,-99.4664008' target='_blank'>Local street map of course</a>	<a href='https://www.google.com/maps/dir/?api=1&destination=50.2284172,-99.4664008&travelmode=driving' target='_blank'>Driving directions to course</a>		
ON-2012-137-BDC	2012	Willowby Road 300m Calibration Course	300	m	Caledon	ON		Ontario	Caledon,Ontario	43.8320698	-79.9066871	PURPLE	<a href='https://www.acroad.ca/certificates/2012/ON-2012-137-BDC.pdf' target='_blank'>ON-2012-137-BDC</a>	<a href='https://www.google.com/maps/place/43.8320698,-79.9066871' target='_blank'>Local street map of course</a>	<a href='https://www.google.com/maps/dir/?api=1&destination=43.8320698,-79.9066871&travelmode=driving' target='_blank'>Driving directions to course</a>		
BC-2011-086-BDC	2011	21st Avenue 350m Calibration Course	350	m	Delta	BC		British Columbia	Delta,British Columbia	49.0846258	-123.0579380	PURPLE	<a href='https://www.acroad.ca/certificates/2011/BC-2011-086-BDC.pdf' target='_blank'>BC-2011-086-BDC</a>	<a href='https://www.google.com/maps/place/49.0846258,-123.0579380' target='_blank'>Local street map of course</a>	<a href='https://www.google.com/maps/dir/?api=1&destination=49.0846258,-123.0579380&travelmode=driving' target='_blank'>Driving directions to course</a>		
ON-2011-046-BDC	2011	Ahmadiyya Ave 300m Calibration Course	300	m	Vaughan	ON		Ontario	Vaughan,Ontario	43.7941544	-79.5268023	PURPLE	<a href='https://www.acroad.ca/certificates/2011/ON-2011-046-BDC.pdf' target='_blank'>ON-2011-046-BDC</a>	<a href='https://www.google.com/maps/place/43.7941544,-79.5268023' target='_blank'>Local street map of course</a>	<a href='https://www.google.com/maps/dir/?api=1&destination=43.7941544,-79.5268023&travelmode=driving' target='_blank'>Driving directions to course</a>		
BC-2011-003-BDC	2011	Airport Way calibration course	349.958	m	Pitt Meadows	BC		British Columbia	Pitt Meadows,British Columbia	49.2207623	-122.6901530	PURPLE	<a href='https://www.acroad.ca/certificates/2011/BC-2011-003-BDC.pdf' target='_blank'>BC-2011-003-BDC</a>	<a href='https://www.google.com/maps/place/49.2207623,-122.6901530' target='_blank'>Local street map of course</a>	<a href='https://www.google.com/maps/dir/?api=1&destination=49.2207623,-122.6901530&travelmode=driving' target='_blank'>Driving directions to course</a>		
ON-2011-002-BDC	2011	Aylmer Street 300m Calibration Course	300	m	Peterborough	ON		Ontario	Peterborough,Ontario	44.3048009	-78.3199496	PURPLE	<a href='https://www.acroad.ca/certificates/2011/ON-2011-002-BDC.pdf' target='_blank'>ON-2011-002-BDC</a>	<a href='https://www.google.com/maps/place/44.3048009,-78.3199496' target='_blank'>Local street map of course</a>	<a href='https://www.google.com/maps/dir/?api=1&destination=44.3048009,-78.3199496&travelmode=driving' target='_blank'>Driving directions to course</a>		
ON-2011-037-BDC	2011	Bonham Blvd. 300m Calibration Course	300	m	Mississauga	ON		Ontario	Mississauga,Ontario	43.5884727	-79.6436580	PURPLE	<a href='https://www.acroad.ca/certificates/2011/ON-2011-037-BDC.pdf' target='_blank'>ON-2011-037-BDC</a>	<a href='https://www.google.com/maps/place/43.5884727,-79.6436580' target='_blank'>Local street map of course</a>	<a href='https://www.google.com/maps/dir/?api=1&destination=43.5884727,-79.6436580&travelmode=driving' target='_blank'>Driving directions to course</a>		
QC-2011-021-BDC	2011	Boulevard des Lumières 300m Calibration Course	300	m	Brossard	QC		Quebec	Brossard,Quebec	45.4554579	-73.4678695	PURPLE	<a href='https://www.acroad.ca/certificates/2011/QC-2011-021-BDC.pdf' target='_blank'>QC-2011-021-BDC</a>	<a href='https://www.google.com/maps/place/45.4554579,-73.4678695' target='_blank'>Local street map of course</a>	<a href='https://www.google.com/maps/dir/?api=1&destination=45.4554579,-73.4678695&travelmode=driving' target='_blank'>Driving directions to course</a>		
NB-2011-056-BDC	2011	College Field Trail Calibration Course	300	m	Fredericton	NB		New Brunswick	Fredericton,New Brunswick	45.9488278	-66.6291827	PURPLE	<a href='https://www.acroad.ca/certificates/2011/NB-2011-056-BDC.pdf' target='_blank'>NB-2011-056-BDC</a>	<a href='https://www.google.com/maps/place/45.9488278,-66.6291827' target='_blank'>Local street map of course</a>	<a href='https://www.google.com/maps/dir/?api=1&destination=45.9488278,-66.6291827&travelmode=driving' target='_blank'>Driving directions to course</a>		
BC-2012-008-BDC	2012	Cooper Road 500m Calibration Course	500	m	Halfmoon Bay	BC		British Columbia	Halfmoon Bay,British Columbia	49.5134025	-123.9095730	PURPLE	<a href='https://www.acroad.ca/certificates/2011/BC-2012-008-BDC.pdf' target='_blank'>BC-2012-008-BDC</a>	<a href='https://www.google.com/maps/place/49.5134025,-123.9095730' target='_blank'>Local street map of course</a>	<a href='https://www.google.com/maps/dir/?api=1&destination=49.5134025,-123.9095730&travelmode=driving' target='_blank'>Driving directions to course</a>		
NS-2011-115-BDC	2011	Herbert Street 300m Calibration Course	300	m	Yarmouth	NS		Nova Scotia	Yarmouth,Nova Scotia	43.8372648	-66.1157000	PURPLE	<a href='https://www.acroad.ca/certificates/2011/NS-2011-115-BDC.pdf' target='_blank'>NS-2011-115-BDC</a>	<a href='https://www.google.com/maps/place/43.8372648,-66.1157000' target='_blank'>Local street map of course</a>	<a href='https://www.google.com/maps/dir/?api=1&destination=43.8372648,-66.1157000&travelmode=driving' target='_blank'>Driving directions to course</a>		
NB-2011-073-BDC	2011	Main St. (Hampton) 300m Calibration Course	300	m	Hampton	NB		New Brunswick	Hampton,New Brunswick	45.5306487	-65.8357469	PURPLE	<a href='https://www.acroad.ca/certificates/2011/NB-2011-073-BDC.pdf' target='_blank'>NB-2011-073-BDC</a>	<a href='https://www.google.com/maps/place/45.5306487,-65.8357469' target='_blank'>Local street map of course</a>	<a href='https://www.google.com/maps/dir/?api=1&destination=45.5306487,-65.8357469&travelmode=driving' target='_blank'>Driving directions to course</a>		
ON-2011-058-BDC	2011	McNorton Street 300m Calibration Course	300	m	Tecumseh	ON		Ontario	Tecumseh,Ontario	42.3117951	-82.8861974	PURPLE	<a href='https://www.acroad.ca/certificates/2011/ON-2011-058-BDC.pdf' target='_blank'>ON-2011-058-BDC</a>	<a href='https://www.google.com/maps/place/42.3117951,-82.8861974' target='_blank'>Local street map of course</a>	<a href='https://www.google.com/maps/dir/?api=1&destination=42.3117951,-82.8861974&travelmode=driving' target='_blank'>Driving directions to course</a>		
ON-2011-063-BDC	2011	Meloche Road 300m Calibration Course	300	m	Amherstburg	ON		Ontario	Amherstburg,Ontario	42.1013313	-83.1086544	PURPLE	<a href='https://www.acroad.ca/certificates/2011/ON-2011-063-BDC.pdf' target='_blank'>ON-2011-063-BDC</a>	<a href='https://www.google.com/maps/place/42.1013313,-83.1086544' target='_blank'>Local street map of course</a>	<a href='https://www.google.com/maps/dir/?api=1&destination=42.1013313,-83.1086544&travelmode=driving' target='_blank'>Driving directions to course</a>		
QC-2011-106-BDC	2011	Park Oka Chemin de Camping 300m Calibration Course	300	m	Oka	QC		Quebec	Oka,Quebec	45.4604748	-74.0900497	PURPLE	<a href='https://www.acroad.ca/certificates/2011/QC-2011-106-BDC.pdf' target='_blank'>QC-2011-106-BDC</a>	<a href='https://www.google.com/maps/place/45.4604748,-74.0900497' target='_blank'>Local street map of course</a>	<a href='https://www.google.com/maps/dir/?api=1&destination=45.4604748,-74.0900497&travelmode=driving' target='_blank'>Driving directions to course</a>		
SK-2011-099-BDC	2011	Spadina Crescent 302.339m Calibration Course	302.339	m	Saskatoon	SK		Saskatchewan	Saskatoon,Saskatchewan	52.1318020	-106.6607670	PURPLE	<a href='https://www.acroad.ca/certificates/2011/SK-2011-099-BDC.pdf' target='_blank'>SK-2011-099-BDC</a>	<a href='https://www.google.com/maps/place/52.1318020,-106.6607670' target='_blank'>Local street map of course</a>	<a href='https://www.google.com/maps/dir/?api=1&destination=52.1318020,-106.6607670&travelmode=driving' target='_blank'>Driving directions to course</a>		
SK-2011-097-BDC	2011	Spadina Crescent East & Whiteswan Drive Calibration Course	500	m	Saskatoon	SK		Saskatchewan	Saskatoon,Saskatchewan	52.1318020	-106.6607670	PURPLE	<a href='https://www.acroad.ca/certificates/2011/SK-2011-097-BDC.pdf' target='_blank'>SK-2011-097-BDC</a>	<a href='https://www.google.com/maps/place/52.1318020,-106.6607670' target='_blank'>Local street map of course</a>	<a href='https://www.google.com/maps/dir/?api=1&destination=52.1318020,-106.6607670&travelmode=driving' target='_blank'>Driving directions to course</a>		
ON-2011-075-BDC	2011	Sutherland St. E. 300m Calibration Course	300	m	Caledonia	ON		Ontario	Caledonia,Ontario	43.6923229	-79.4653403	PURPLE	<a href='https://www.acroad.ca/certificates/2011/ON-2011-075-BDC.pdf' target='_blank'>ON-2011-075-BDC</a>	<a href='https://www.google.com/maps/place/43.6923229,-79.4653403' target='_blank'>Local street map of course</a>	<a href='https://www.google.com/maps/dir/?api=1&destination=43.6923229,-79.4653403&travelmode=driving' target='_blank'>Driving directions to course</a>		
AB-2010-093-BDC	2010	117th Street NW 300m Calibration Course	300	m	Edmonton	AB		Alberta	Edmonton,Alberta	53.5462055	-113.4912410	PURPLE	<a href='https://www.acroad.ca/certificates/2010/AB-2010-093-BDC.pdf' target='_blank'>AB-2010-093-BDC</a>	<a href='https://www.google.com/maps/place/53.5462055,-113.4912410' target='_blank'>Local street map of course</a>	<a href='https://www.google.com/maps/dir/?api=1&destination=53.5462055,-113.4912410&travelmode=driving' target='_blank'>Driving directions to course</a>		
AB-2010-030-BDC	2010	59th Street 300m Calibration Course	300	m	Red Deer	AB		Alberta	Red Deer,Alberta	52.2690628	-113.8141464	PURPLE	<a href='https://www.acroad.ca/certificates/2010/AB-2010-030-BDC.pdf' target='_blank'>AB-2010-030-BDC</a>	<a href='https://www.google.com/maps/place/52.2690628,-113.8141464' target='_blank'>Local street map of course</a>	<a href='https://www.google.com/maps/dir/?api=1&destination=52.2690628,-113.8141464&travelmode=driving' target='_blank'>Driving directions to course</a>		
QC-2010-057-BDC	2010	Ave Bourdon 300m Calibration Course	300	m	Chateauguay	QC		Quebec	Chateauguay,Quebec	45.3602416	-73.7493640	PURPLE	<a href='https://www.acroad.ca/certificates/2010/QC-2010-057-BDC.pdf' target='_blank'>QC-2010-057-BDC</a>	<a href='https://www.google.com/maps/place/45.3602416,-73.7493640' target='_blank'>Local street map of course</a>	<a href='https://www.google.com/maps/dir/?api=1&destination=45.3602416,-73.7493640&travelmode=driving' target='_blank'>Driving directions to course</a>		
ON-2010-049-BDC	2010	Barbara St. 300m Calibration Course	300	m	Neustadt	ON		Ontario	Neustadt,Ontario	44.0778278	-81.0006627	PURPLE	<a href='https://www.acroad.ca/certificates/2010/ON-2010-049-BDC.pdf' target='_blank'>ON-2010-049-BDC</a>	<a href='https://www.google.com/maps/place/44.0778278,-81.0006627' target='_blank'>Local street map of course</a>	<a href='https://www.google.com/maps/dir/?api=1&destination=44.0778278,-81.0006627&travelmode=driving' target='_blank'>Driving directions to course</a>		
ON-2010-012-BDC	2010	Chelsey Road 300m Calibration Course	300	m	Kilbride	ON		Ontario	Kilbride,Ontario	43.4245024	-79.9386937	PURPLE	<a href='https://www.acroad.ca/certificates/2010/ON-2010-012-BDC.pdf' target='_blank'>ON-2010-012-BDC</a>	<a href='https://www.google.com/maps/place/43.4245024,-79.9386937' target='_blank'>Local street map of course</a>	<a href='https://www.google.com/maps/dir/?api=1&destination=43.4245024,-79.9386937&travelmode=driving' target='_blank'>Driving directions to course</a>		
NS-2010-099-BDC	2010	Collins Road 300m Calibration Course	300	m	Port Williams	NS		Nova Scotia	Port Williams,Nova Scotia	45.0979991	-64.4100054	PURPLE	<a href='https://www.acroad.ca/certificates/2010/NS-2010-099-BDC.pdf' target='_blank'>NS-2010-099-BDC</a>	<a href='https://www.google.com/maps/place/45.0979991,-64.4100054' target='_blank'>Local street map of course</a>	<a href='https://www.google.com/maps/dir/?api=1&destination=45.0979991,-64.4100054&travelmode=driving' target='_blank'>Driving directions to course</a>		
ON-2010-110-BDC	2010	Eldon Street 300m Calibration Course	300	m	Goderich	ON		Ontario	Goderich,Ontario	43.7430924	-81.7110949	PURPLE	<a href='https://www.acroad.ca/certificates/2010/ON-2010-110-BDC.pdf' target='_blank'>ON-2010-110-BDC</a>	<a href='https://www.google.com/maps/place/43.7430924,-81.7110949' target='_blank'>Local street map of course</a>	<a href='https://www.google.com/maps/dir/?api=1&destination=43.7430924,-81.7110949&travelmode=driving' target='_blank'>Driving directions to course</a>		
DOM-2010-103-BDC	2010	Elmira 300m Calibration Course	300	m	Punta Cana, Dominican Republic				Punta Cana, Dominican Republic	18.5565510	-68.3691611	PURPLE	<a href='https://www.acroad.ca/certificates/2010/DOM-2010-103-BDC.pdf' target='_blank'>DOM-2010-103-BDC</a>	<a href='https://www.google.com/maps/place/18.5565510,-68.3691611' target='_blank'>Local street map of course</a>	<a href='https://www.google.com/maps/dir/?api=1&destination=18.5565510,-68.3691611&travelmode=driving' target='_blank'>Driving directions to course</a>		
BC-2010-113-BDC	2010	Galdwin Rd 300m Calibration Course	300	m	Abbotsford	BC		British Columbia	Abbotsford,British Columbia	49.0521162	-122.3294790	PURPLE	<a href='https://www.acroad.ca/certificates/2010/BC-2010-113-BDC.pdf' target='_blank'>BC-2010-113-BDC</a>	<a href='https://www.google.com/maps/place/49.0521162,-122.3294790' target='_blank'>Local street map of course</a>	<a href='https://www.google.com/maps/dir/?api=1&destination=49.0521162,-122.3294790&travelmode=driving' target='_blank'>Driving directions to course</a>		
ON-2010-039-BDC	2010	Gordon Street 300m Calibration Course	300	m	Whitby	ON		Ontario	Whitby,Ontario	43.8798200	-78.9421751	PURPLE	<a href='https://www.acroad.ca/certificates/2010/ON-2010-039-BDC.pdf' target='_blank'>ON-2010-039-BDC</a>	<a href='https://www.google.com/maps/place/43.8798200,-78.9421751' target='_blank'>Local street map of course</a>	<a href='https://www.google.com/maps/dir/?api=1&destination=43.8798200,-78.9421751&travelmode=driving' target='_blank'>Driving directions to course</a>		
MB-2010-079-BDC	2010	Hillside Beach Road 300m Calibration Course	300	m	Hillside Beach	MB		Manitoba	Hillside Beach,Manitoba	50.6688625	-96.5617170	PURPLE	<a href='https://www.acroad.ca/certificates/2010/MB-2010-079-BDC.pdf' target='_blank'>MB-2010-079-BDC</a>	<a href='https://www.google.com/maps/place/50.6688625,-96.5617170' target='_blank'>Local street map of course</a>	<a href='https://www.google.com/maps/dir/?api=1&destination=50.6688625,-96.5617170&travelmode=driving' target='_blank'>Driving directions to course</a>		
NS-2010-069-BDC	2010	Hwy #3 300m Calibration Course	300	m	Barrington	NS		Nova Scotia	Barrington,Nova Scotia	43.5645545	-65.5641098	PURPLE	<a href='https://www.acroad.ca/certificates/2010/NS-2010-069-BDC.pdf' target='_blank'>NS-2010-069-BDC</a>	<a href='https://www.google.com/maps/place/43.5645545,-65.5641098' target='_blank'>Local street map of course</a>	<a href='https://www.google.com/maps/dir/?api=1&destination=43.5645545,-65.5641098&travelmode=driving' target='_blank'>Driving directions to course</a>		
MB-2010-071-BDC	2010	Kennedy Street sidewalk 300m Calibration Course	300.024	m	Winnipeg	MB		Manitoba	Winnipeg,Manitoba	49.8955367	-97.1384584	PURPLE	<a href='https://www.acroad.ca/certificates/2010/MB-2010-071-BDC.pdf' target='_blank'>MB-2010-071-BDC</a>	<a href='https://www.google.com/maps/place/49.8955367,-97.1384584' target='_blank'>Local street map of course</a>	<a href='https://www.google.com/maps/dir/?api=1&destination=49.8955367,-97.1384584&travelmode=driving' target='_blank'>Driving directions to course</a>		
AB-2010-066-BDC	2010	Northlands Park 300m Calibration Course	300	m	Edmonton	AB		Alberta	Edmonton,Alberta	53.5462055	-113.4912410	PURPLE	<a href='https://www.acroad.ca/certificates/2010/AB-2010-066-BDC.pdf' target='_blank'>AB-2010-066-BDC</a>	<a href='https://www.google.com/maps/place/53.5462055,-113.4912410' target='_blank'>Local street map of course</a>	<a href='https://www.google.com/maps/dir/?api=1&destination=53.5462055,-113.4912410&travelmode=driving' target='_blank'>Driving directions to course</a>		
QC-2010-060-BDC	2010	Parcours d'étalonnage 300m du Bassin Olympic	300	m	Montreal	QC		Quebec	Montreal,Quebec	45.5031824	-73.5698065	PURPLE	<a href='https://www.acroad.ca/certificates/2010/QC-2010-060-BDC.pdf' target='_blank'>QC-2010-060-BDC</a>	<a href='https://www.google.com/maps/place/45.5031824,-73.5698065' target='_blank'>Local street map of course</a>	<a href='https://www.google.com/maps/dir/?api=1&destination=45.5031824,-73.5698065&travelmode=driving' target='_blank'>Driving directions to course</a>		
QC-2010-080-BDC	2010	Rue Paul Albert 300m Calibration Course	300	m	Blainville	QC		Quebec	Blainville,Quebec	45.6793200	-73.8761900	PURPLE	<a href='https://www.acroad.ca/certificates/2010/QC-2010-080-BDC.pdf' target='_blank'>QC-2010-080-BDC</a>	<a href='https://www.google.com/maps/place/45.6793200,-73.8761900' target='_blank'>Local street map of course</a>	<a href='https://www.google.com/maps/dir/?api=1&destination=45.6793200,-73.8761900&travelmode=driving' target='_blank'>Driving directions to course</a>		
BC-2010-009-BDC	2010	Sunshine Coast Highway Calibration Course	500	m	Halfmoon Bay	BC		British Columbia	Halfmoon Bay,British Columbia	49.5134025	-123.9095730	PURPLE	<a href='https://www.acroad.ca/certificates/2010/BC-2010-009-BDC.pdf' target='_blank'>BC-2010-009-BDC</a>	<a href='https://www.google.com/maps/place/49.5134025,-123.9095730' target='_blank'>Local street map of course</a>	<a href='https://www.google.com/maps/dir/?api=1&destination=49.5134025,-123.9095730&travelmode=driving' target='_blank'>Driving directions to course</a>		
BC-2010-003-BDC	2010	Tranquille Road 349.916m Calibration Course	349.916	m	Kamloops	BC		British Columbia	Kamloops,British Columbia	50.6758269	-120.3394150	PURPLE	<a href='https://www.acroad.ca/certificates/2010/BC-2010-003-BDC.pdf' target='_blank'>BC-2010-003-BDC</a>	<a href='https://www.google.com/maps/place/50.6758269,-120.3394150' target='_blank'>Local street map of course</a>	<a href='https://www.google.com/maps/dir/?api=1&destination=50.6758269,-120.3394150&travelmode=driving' target='_blank'>Driving directions to course</a>		
AB-2009-029-BDC	2009	28th Street South 300m Calibration Course	300	m	Lethbridge	AB		Alberta	Lethbridge,Alberta	49.6945782	-112.8331033	PURPLE	<a href='https://www.acroad.ca/certificates/2009/AB-2009-029-BDC.pdf' target='_blank'>AB-2009-029-BDC</a>	<a href='https://www.google.com/maps/place/49.6945782,-112.8331033' target='_blank'>Local street map of course</a>	<a href='https://www.google.com/maps/dir/?api=1&destination=49.6945782,-112.8331033&travelmode=driving' target='_blank'>Driving directions to course</a>		
ON-2009-120-BDC	2009	35th Line 300m Calibration Course	300	m	West Zorra Township	ON		Ontario	West Zorra Township,Ontario			PURPLE	<a href='https://www.acroad.ca/certificates/2009/ON-2009-120-BDC.pdf' target='_blank'>ON-2009-120-BDC</a>				
QC-2009-137-BDC	2009	Avenue Arnaud 400m Calibration Course	400	m	Sept-Iles	QC		Quebec	Sept-Iles,Quebec	50.2109579	-66.3790642	PURPLE	<a href='https://www.acroad.ca/certificates/2009/QC-2009-137-BDC.pdf' target='_blank'>QC-2009-137-BDC</a>	<a href='https://www.google.com/maps/place/50.2109579,-66.3790642' target='_blank'>Local street map of course</a>	<a href='https://www.google.com/maps/dir/?api=1&destination=50.2109579,-66.3790642&travelmode=driving' target='_blank'>Driving directions to course</a>		
QC-2009-090-BDC	2009	Chemin St. Augustine 299.93m calibration course	299.93	m	Mandeville	QC		Quebec	Mandeville,Quebec	46.3591711	-73.3529273	PURPLE	<a href='https://www.acroad.ca/certificates/2009/QC-2009-090-BDC.pdf' target='_blank'>QC-2009-090-BDC</a>	<a href='https://www.google.com/maps/place/46.3591711,-73.3529273' target='_blank'>Local street map of course</a>	<a href='https://www.google.com/maps/dir/?api=1&destination=46.3591711,-73.3529273&travelmode=driving' target='_blank'>Driving directions to course</a>		
BC-2009-076-BDC	2009	Dallas Road 300m Calibration Course	300	m	Kamloops	BC		British Columbia	Kamloops,British Columbia	50.6758269	-120.3394150	PURPLE	<a href='https://www.acroad.ca/certificates/2009/BC-2009-076-BDC.pdf' target='_blank'>BC-2009-076-BDC</a>	<a href='https://www.google.com/maps/place/50.6758269,-120.3394150' target='_blank'>Local street map of course</a>	<a href='https://www.google.com/maps/dir/?api=1&destination=50.6758269,-120.3394150&travelmode=driving' target='_blank'>Driving directions to course</a>		
ON-2009-049-BDC	2009	Devonshire Place 300m Calibration Course	300	m	Toronto	ON		Ontario	Toronto,Ontario	43.6534817	-79.3839347	PURPLE	<a href='https://www.acroad.ca/certificates/2009/ON-2009-049-BDC.pdf' target='_blank'>ON-2009-049-BDC</a>	<a href='https://www.google.com/maps/place/43.6534817,-79.3839347' target='_blank'>Local street map of course</a>	<a href='https://www.google.com/maps/dir/?api=1&destination=43.6534817,-79.3839347&travelmode=driving' target='_blank'>Driving directions to course</a>		
MB-2009-129-BDC	2009	Goldfield Drive 300m Calibration Course	300	m	Gimli	MB		Manitoba	Gimli,Manitoba	50.6323125	-96.9881076	PURPLE	<a href='https://www.acroad.ca/certificates/2009/MB-2009-129-BDC.pdf' target='_blank'>MB-2009-129-BDC</a>	<a href='https://www.google.com/maps/place/50.6323125,-96.9881076' target='_blank'>Local street map of course</a>	<a href='https://www.google.com/maps/dir/?api=1&destination=50.6323125,-96.9881076&travelmode=driving' target='_blank'>Driving directions to course</a>		
BC-2009-083-BDC	2009	Gordon Drive 500m Calibration Course	500	m	Kelowna	BC		British Columbia	Kelowna,British Columbia	49.8879177	-119.4959020	PURPLE	<a href='https://www.acroad.ca/certificates/2009/BC-2009-083-BDC.pdf' target='_blank'>BC-2009-083-BDC</a>	<a href='https://www.google.com/maps/place/49.8879177,-119.4959020' target='_blank'>Local street map of course</a>	<a href='https://www.google.com/maps/dir/?api=1&destination=49.8879177,-119.4959020&travelmode=driving' target='_blank'>Driving directions to course</a>		
ON-2009-034-BDC	2009	Louisa St. 300m Calibration Course	300	m	Bayfield	ON		Ontario	Bayfield,Ontario	43.5609982	-81.6959031	PURPLE	<a href='https://www.acroad.ca/certificates/2009/ON-2009-034-BDC.pdf' target='_blank'>ON-2009-034-BDC</a>	<a href='https://www.google.com/maps/place/43.5609982,-81.6959031' target='_blank'>Local street map of course</a>	<a href='https://www.google.com/maps/dir/?api=1&destination=43.5609982,-81.6959031&travelmode=driving' target='_blank'>Driving directions to course</a>		
ON-2009-124-BDC	2009	Margaret St. 300m Calibration Course	300	m	Cambridge	ON		Ontario	Cambridge,Ontario	43.3600536	-80.3123023	PURPLE	<a href='https://www.acroad.ca/certificates/2009/ON-2009-124-BDC.pdf' target='_blank'>ON-2009-124-BDC</a>	<a href='https://www.google.com/maps/place/43.3600536,-80.3123023' target='_blank'>Local street map of course</a>	<a href='https://www.google.com/maps/dir/?api=1&destination=43.3600536,-80.3123023&travelmode=driving' target='_blank'>Driving directions to course</a>		
ON-2009-073-BDC	2009	Mary St. 300m Calibration Course	300	m	Niagara-on-the-lake	ON		Ontario	Niagara-on-the-lake,Ontario	43.2556116	-79.0723264	PURPLE	<a href='https://www.acroad.ca/certificates/2009/ON-2009-073-BDC.pdf' target='_blank'>ON-2009-073-BDC</a>	<a href='https://www.google.com/maps/place/43.2556116,-79.0723264' target='_blank'>Local street map of course</a>	<a href='https://www.google.com/maps/dir/?api=1&destination=43.2556116,-79.0723264&travelmode=driving' target='_blank'>Driving directions to course</a>		
NL-2009-040-BDC	2009	Massey Drive 300m Calibration Course	300	m	Corner Brook	NL		Newfoundland and Labrador	Corner Brook,Newfoundland and Labrador	48.9531700	-57.9473880	PURPLE	<a href='https://www.acroad.ca/certificates/2009/NL-2009-040-BDC.pdf' target='_blank'>NL-2009-040-BDC</a>	<a href='https://www.google.com/maps/place/48.9531700,-57.9473880' target='_blank'>Local street map of course</a>	<a href='https://www.google.com/maps/dir/?api=1&destination=48.9531700,-57.9473880&travelmode=driving' target='_blank'>Driving directions to course</a>		
BC-2009-006-BDC	2009	Northern Road 300m Calibration Course	300	m	Vancouver	BC		British Columbia	Vancouver,British Columbia	49.2608724	-123.1139520	PURPLE	<a href='https://www.acroad.ca/certificates/2009/BC-2009-006-BDC.pdf' target='_blank'>BC-2009-006-BDC</a>	<a href='https://www.google.com/maps/place/49.2608724,-123.1139520' target='_blank'>Local street map of course</a>	<a href='https://www.google.com/maps/dir/?api=1&destination=49.2608724,-123.1139520&travelmode=driving' target='_blank'>Driving directions to course</a>		
ON-2009-007-BDC	2009	Ottawa River Parkway 299.93m Calibration Course	299.93	m	Ottawa	ON		Ontario	Ottawa,Ontario	45.4208777	-75.6901106	PURPLE	<a href='https://www.acroad.ca/certificates/2009/ON-2009-007-BDC.pdf' target='_blank'>ON-2009-007-BDC</a>	<a href='https://www.google.com/maps/place/45.4208777,-75.6901106' target='_blank'>Local street map of course</a>	<a href='https://www.google.com/maps/dir/?api=1&destination=45.4208777,-75.6901106&travelmode=driving' target='_blank'>Driving directions to course</a>		
ON-2009-064-BDC	2009	Pittock Dam 350m Calibration Course	350	m	Woodstock	ON		Ontario	Woodstock,Ontario	43.1301111	-80.7562977	PURPLE	<a href='https://www.acroad.ca/certificates/2009/ON-2009-064-BDC.pdf' target='_blank'>ON-2009-064-BDC</a>	<a href='https://www.google.com/maps/place/43.1301111,-80.7562977' target='_blank'>Local street map of course</a>	<a href='https://www.google.com/maps/dir/?api=1&destination=43.1301111,-80.7562977&travelmode=driving' target='_blank'>Driving directions to course</a>		
NB-2009-068-BDC	2009	River Valley Drive 300m Calibration Course	300	m	Grand Bay-Westfield	NB		New Brunswick	Grand Bay-Westfield,New Brunswick	45.3221951	-66.2025166	PURPLE	<a href='https://www.acroad.ca/certificates/2009/NB-2009-068-BDC.pdf' target='_blank'>NB-2009-068-BDC</a>	<a href='https://www.google.com/maps/place/45.3221951,-66.2025166' target='_blank'>Local street map of course</a>	<a href='https://www.google.com/maps/dir/?api=1&destination=45.3221951,-66.2025166&travelmode=driving' target='_blank'>Driving directions to course</a>		
ON-2009-116-BDC	2009	Simpson St. E. 299.98m Calibration Course	299.98	m	Alma	ON		Ontario	Alma,Ontario	43.7301330	-80.5022187	PURPLE	<a href='https://www.acroad.ca/certificates/2009/ON-2009-116-BDC.pdf' target='_blank'>ON-2009-116-BDC</a>	<a href='https://www.google.com/maps/place/43.7301330,-80.5022187' target='_blank'>Local street map of course</a>	<a href='https://www.google.com/maps/dir/?api=1&destination=43.7301330,-80.5022187&travelmode=driving' target='_blank'>Driving directions to course</a>		
NL-2009-035-BDC	2009	Sunset Drive 300m Calibration Course	300	m	Garnish	NL		Newfoundland and Labrador	Garnish,Newfoundland and Labrador	47.2320710	-55.3620262	PURPLE	<a href='https://www.acroad.ca/certificates/2009/NL-2009-035-BDC.pdf' target='_blank'>NL-2009-035-BDC</a>	<a href='https://www.google.com/maps/place/47.2320710,-55.3620262' target='_blank'>Local street map of course</a>	<a href='https://www.google.com/maps/dir/?api=1&destination=47.2320710,-55.3620262&travelmode=driving' target='_blank'>Driving directions to course</a>		
AB-2008-034-BDC	2008	113th Street 317.100m Calibration Course	317.100	m	Edmonton	AB		Alberta	Edmonton,Alberta	53.5462055	-113.4912410	PURPLE	<a href='https://www.acroad.ca/certificates/2008/AB-2008-034-BDC.pdf' target='_blank'>AB-2008-034-BDC</a>	<a href='https://www.google.com/maps/place/53.5462055,-113.4912410' target='_blank'>Local street map of course</a>	<a href='https://www.google.com/maps/dir/?api=1&destination=53.5462055,-113.4912410&travelmode=driving' target='_blank'>Driving directions to course</a>		
NS-2008-091-BDC	2008	Acadia St. 300m Calibration Course	300	m	Wolfville	NS		Nova Scotia	Wolfville,Nova Scotia	45.0914073	-64.3645102	PURPLE	<a href='https://www.acroad.ca/certificates/2008/NS-2008-091-BDC.pdf' target='_blank'>NS-2008-091-BDC</a>	<a href='https://www.google.com/maps/place/45.0914073,-64.3645102' target='_blank'>Local street map of course</a>	<a href='https://www.google.com/maps/dir/?api=1&destination=45.0914073,-64.3645102&travelmode=driving' target='_blank'>Driving directions to course</a>		
QC-2008-046-BDC	2008	Beaulac Street 300m Calibration Course	300	m	Saint-Laurent	QC		Quebec	Saint-Laurent,Quebec	45.5088774	-73.6875187	PURPLE	<a href='https://www.acroad.ca/certificates/2008/QC-2008-046-BDC.pdf' target='_blank'>QC-2008-046-BDC</a>	<a href='https://www.google.com/maps/place/45.5088774,-73.6875187' target='_blank'>Local street map of course</a>	<a href='https://www.google.com/maps/dir/?api=1&destination=45.5088774,-73.6875187&travelmode=driving' target='_blank'>Driving directions to course</a>		
MB-2008-032-BDC	2008	Brock St. 300m Calibration Course	300	m	Winnipeg	MB		Manitoba	Winnipeg,Manitoba	49.8955367	-97.1384584	PURPLE	<a href='https://www.acroad.ca/certificates/2008/MB-2008-032-BDC.pdf' target='_blank'>MB-2008-032-BDC</a>	<a href='https://www.google.com/maps/place/49.8955367,-97.1384584' target='_blank'>Local street map of course</a>	<a href='https://www.google.com/maps/dir/?api=1&destination=49.8955367,-97.1384584&travelmode=driving' target='_blank'>Driving directions to course</a>		
MB-2008-086-BDC	2008	Douglas Park Rd. 300m Calibration Course	300	m	Winnipeg	MB		Manitoba	Winnipeg,Manitoba	49.8955367	-97.1384584	PURPLE	<a href='https://www.acroad.ca/certificates/2008/MB-2008-086-BDC.pdf' target='_blank'>MB-2008-086-BDC</a>	<a href='https://www.google.com/maps/place/49.8955367,-97.1384584' target='_blank'>Local street map of course</a>	<a href='https://www.google.com/maps/dir/?api=1&destination=49.8955367,-97.1384584&travelmode=driving' target='_blank'>Driving directions to course</a>		
SK-2008-038-BDC	2008	Gladston Ave. 300m Calibration Course	300	m	Yorkton	SK		Saskatchewan	Yorkton,Saskatchewan	51.2120450	-102.4612430	PURPLE	<a href='https://www.acroad.ca/certificates/2008/SK-2008-038-BDC.pdf' target='_blank'>SK-2008-038-BDC</a>	<a href='https://www.google.com/maps/place/51.2120450,-102.4612430' target='_blank'>Local street map of course</a>	<a href='https://www.google.com/maps/dir/?api=1&destination=51.2120450,-102.4612430&travelmode=driving' target='_blank'>Driving directions to course</a>		
QC-2008-037-BDC	2008	Gouin Boulevard W 300m Calibration Course	300	m	Pierrefonds	QC		Quebec	Pierrefonds,Quebec	45.4955083	-73.8471749	PURPLE	<a href='https://www.acroad.ca/certificates/2008/QC-2008-037-BDC.pdf' target='_blank'>QC-2008-037-BDC</a>	<a href='https://www.google.com/maps/place/45.4955083,-73.8471749' target='_blank'>Local street map of course</a>	<a href='https://www.google.com/maps/dir/?api=1&destination=45.4955083,-73.8471749&travelmode=driving' target='_blank'>Driving directions to course</a>		
NB-2008-064-BDC	2008	Harbour Station 300m Calibration Course	300	m	Saint John	NB		New Brunswick	Saint John,New Brunswick	45.2787992	-66.0585188	PURPLE	<a href='https://www.acroad.ca/certificates/2008/NB-2008-064-BDC.pdf' target='_blank'>NB-2008-064-BDC</a>	<a href='https://www.google.com/maps/place/45.2787992,-66.0585188' target='_blank'>Local street map of course</a>	<a href='https://www.google.com/maps/dir/?api=1&destination=45.2787992,-66.0585188&travelmode=driving' target='_blank'>Driving directions to course</a>		
BC-2008-106-BDC	2008	Highway 61 - 1000m Calibration Course	1000	m	Skidegate	BC		British Columbia	Skidegate,British Columbia	53.2649437	-131.9933860	PURPLE	<a href='https://www.acroad.ca/certificates/2008/BC-2008-106-BDC.pdf' target='_blank'>BC-2008-106-BDC</a>	<a href='https://www.google.com/maps/place/53.2649437,-131.9933860' target='_blank'>Local street map of course</a>	<a href='https://www.google.com/maps/dir/?api=1&destination=53.2649437,-131.9933860&travelmode=driving' target='_blank'>Driving directions to course</a>		
BC-2008-001-BDC	2008	Hudson Bay Street 300m Calibration Course	300	m	Fort Langley	BC		British Columbia	Fort Langley,British Columbia	49.1691260	-122.5793628	PURPLE	<a href='https://www.acroad.ca/certificates/2008/BC-2008-001-BDC.pdf' target='_blank'>BC-2008-001-BDC</a>	<a href='https://www.google.com/maps/place/49.1691260,-122.5793628' target='_blank'>Local street map of course</a>	<a href='https://www.google.com/maps/dir/?api=1&destination=49.1691260,-122.5793628&travelmode=driving' target='_blank'>Driving directions to course</a>		
AB-2008-095-BDC	2008	McDougall Road NE 300m Calibration Course	300	m	Calgary	AB		Alberta	Calgary,Alberta	51.0456064	-114.0575410	PURPLE	<a href='https://www.acroad.ca/certificates/2008/AB-2008-095-BDC.pdf' target='_blank'>AB-2008-095-BDC</a>	<a href='https://www.google.com/maps/place/51.0456064,-114.0575410' target='_blank'>Local street map of course</a>	<a href='https://www.google.com/maps/dir/?api=1&destination=51.0456064,-114.0575410&travelmode=driving' target='_blank'>Driving directions to course</a>		
ON-2008-020-BDC	2008	Meadowbrooke Drive 300m Calibration Course	300	m	Ancaster	ON		Ontario	Ancaster,Ontario	43.2256930	-79.9766920	PURPLE	<a href='https://www.acroad.ca/certificates/2008/ON-2008-020-BDC.pdf' target='_blank'>ON-2008-020-BDC</a>	<a href='https://www.google.com/maps/place/43.2256930,-79.9766920' target='_blank'>Local street map of course</a>	<a href='https://www.google.com/maps/dir/?api=1&destination=43.2256930,-79.9766920&travelmode=driving' target='_blank'>Driving directions to course</a>		
QC-2008-011-BDC	2008	Monfortains Rd. 300m Calibration Course	300	m	Drummondville	QC		Quebec	Drummondville,Quebec	45.8864303	-72.5018764	PURPLE	<a href='https://www.acroad.ca/certificates/2008/QC-2008-011-BDC.pdf' target='_blank'>QC-2008-011-BDC</a>	<a href='https://www.google.com/maps/place/45.8864303,-72.5018764' target='_blank'>Local street map of course</a>	<a href='https://www.google.com/maps/dir/?api=1&destination=45.8864303,-72.5018764&travelmode=driving' target='_blank'>Driving directions to course</a>		
ON-2008-083-BDC	2008	Old Montreal Street 300m Calibration Course	300	m	Ottawa	ON		Ontario	Ottawa,Ontario	45.4208777	-75.6901106	PURPLE	<a href='https://www.acroad.ca/certificates/2008/ON-2008-083-BDC.pdf' target='_blank'>ON-2008-083-BDC</a>	<a href='https://www.google.com/maps/place/45.4208777,-75.6901106' target='_blank'>Local street map of course</a>	<a href='https://www.google.com/maps/dir/?api=1&destination=45.4208777,-75.6901106&travelmode=driving' target='_blank'>Driving directions to course</a>		
NL-2008-079-BDC	2008	Ottawa Ave. 500m Calibration Course	500	m	Happy Valley-Goose Bay	NL		Newfoundland and Labrador	Happy Valley-Goose Bay,Newfoundland and Labrador	53.2964352	-60.3111895	PURPLE	<a href='https://www.acroad.ca/certificates/2008/NL-2008-079-BDC.pdf' target='_blank'>NL-2008-079-BDC</a>	<a href='https://www.google.com/maps/place/53.2964352,-60.3111895' target='_blank'>Local street map of course</a>	<a href='https://www.google.com/maps/dir/?api=1&destination=53.2964352,-60.3111895&travelmode=driving' target='_blank'>Driving directions to course</a>		
BC-2008-101-BDC	2008	Pipeline Rd. 300m Calibration Course	300	m	Stanley Park, Vancouver	BC		British Columbia	Stanley Park, Vancouver,British Columbia	49.3020684	-123.1413263	PURPLE	<a href='https://www.acroad.ca/certificates/2008/BC-2008-101-BDC.pdf' target='_blank'>BC-2008-101-BDC</a>	<a href='https://www.google.com/maps/place/49.3020684,-123.1413263' target='_blank'>Local street map of course</a>	<a href='https://www.google.com/maps/dir/?api=1&destination=49.3020684,-123.1413263&travelmode=driving' target='_blank'>Driving directions to course</a>		
NB-2008-118-BDC	2008	Queens Street 500m Calibration Course	500	m	St. Andrews	NB		New Brunswick	St. Andrews,New Brunswick	45.0749302	-67.0516937	PURPLE	<a href='https://www.acroad.ca/certificates/2008/NB-2008-118-BDC.pdf' target='_blank'>NB-2008-118-BDC</a>	<a href='https://www.google.com/maps/place/45.0749302,-67.0516937' target='_blank'>Local street map of course</a>	<a href='https://www.google.com/maps/dir/?api=1&destination=45.0749302,-67.0516937&travelmode=driving' target='_blank'>Driving directions to course</a>		
NL-2008-062-BDC	2008	Riverside Drive 330m Calibration Course	330	m	Corner Brook	NL		Newfoundland and Labrador	Corner Brook,Newfoundland and Labrador	48.9531700	-57.9473880	PURPLE	<a href='https://www.acroad.ca/certificates/2008/NL-2008-062-BDC.pdf' target='_blank'>NL-2008-062-BDC</a>	<a href='https://www.google.com/maps/place/48.9531700,-57.9473880' target='_blank'>Local street map of course</a>	<a href='https://www.google.com/maps/dir/?api=1&destination=48.9531700,-57.9473880&travelmode=driving' target='_blank'>Driving directions to course</a>		
MB-2008-074-BDC	2008	Rue de l'Eglise 331.51m Calibration Course	331.51	m	St. Malo	MB		Manitoba	St. Malo,Manitoba	49.3146950	-96.9538228	PURPLE	<a href='https://www.acroad.ca/certificates/2008/MB-2008-074-BDC.pdf' target='_blank'>MB-2008-074-BDC</a>	<a href='https://www.google.com/maps/place/49.3146950,-96.9538228' target='_blank'>Local street map of course</a>	<a href='https://www.google.com/maps/dir/?api=1&destination=49.3146950,-96.9538228&travelmode=driving' target='_blank'>Driving directions to course</a>		
QC-2008-019-BDC	2008	Soulanges Canal Path 300m Calibration Course	300	m	Coteau-du-Lac	QC		Quebec	Coteau-du-Lac,Quebec	45.2963957	-74.1782005	PURPLE	<a href='https://www.acroad.ca/certificates/2008/QC-2008-019-BDC.pdf' target='_blank'>QC-2008-019-BDC</a>	<a href='https://www.google.com/maps/place/45.2963957,-74.1782005' target='_blank'>Local street map of course</a>	<a href='https://www.google.com/maps/dir/?api=1&destination=45.2963957,-74.1782005&travelmode=driving' target='_blank'>Driving directions to course</a>		
AB-2007-048-BDC	2007	37th St. NW 300m Calibration Course	300	m	Calgary	AB		Alberta	Calgary,Alberta	51.0456064	-114.0575410	PURPLE	<a href='https://www.acroad.ca/certificates/2007/AB-2007-048-BDC.pdf' target='_blank'>AB-2007-048-BDC</a>	<a href='https://www.google.com/maps/place/51.0456064,-114.0575410' target='_blank'>Local street map of course</a>	<a href='https://www.google.com/maps/dir/?api=1&destination=51.0456064,-114.0575410&travelmode=driving' target='_blank'>Driving directions to course</a>		
AB-2007-084-BDC	2007	50th St. 300m Calibration Course	300	m	Stony Plains	AB		Alberta	Stony Plains,Alberta			PURPLE	<a href='https://www.acroad.ca/certificates/2007/AB-2007-084-BDC.pdf' target='_blank'>AB-2007-084-BDC</a>				
AB-2007-032-BDC	2007	59 St. 300m Calibration Course	300	m	Red Deer	AB		Alberta	Red Deer,Alberta	52.2690628	-113.8141464	PURPLE	<a href='https://www.acroad.ca/certificates/2007/AB-2007-032-BDC.pdf' target='_blank'>AB-2007-032-BDC</a>	<a href='https://www.google.com/maps/place/52.2690628,-113.8141464' target='_blank'>Local street map of course</a>	<a href='https://www.google.com/maps/dir/?api=1&destination=52.2690628,-113.8141464&travelmode=driving' target='_blank'>Driving directions to course</a>		
AB-2007-023-BDC	2007	99 St. 300m Calibration Course	300	m	Edmonton	AB		Alberta	Edmonton,Alberta	53.5462055	-113.4912410	PURPLE	<a href='https://www.acroad.ca/certificates/2007/AB-2007-023-BDC.pdf' target='_blank'>AB-2007-023-BDC</a>	<a href='https://www.google.com/maps/place/53.5462055,-113.4912410' target='_blank'>Local street map of course</a>	<a href='https://www.google.com/maps/dir/?api=1&destination=53.5462055,-113.4912410&travelmode=driving' target='_blank'>Driving directions to course</a>		
ON-2007-053-BDC	2007	Askin Ave. 300m Calibration Course	300	m	Windsor	ON		Ontario	Windsor,Ontario	42.2858536	-82.9780695	PURPLE	<a href='https://www.acroad.ca/certificates/2007/ON-2007-053-BDC.pdf' target='_blank'>ON-2007-053-BDC</a>	<a href='https://www.google.com/maps/place/42.2858536,-82.9780695' target='_blank'>Local street map of course</a>	<a href='https://www.google.com/maps/dir/?api=1&destination=42.2858536,-82.9780695&travelmode=driving' target='_blank'>Driving directions to course</a>		
NS-2007-118-BDC	2007	Barrington Causeway 300m Calibration Course	300	m	Barrington	NS		Nova Scotia	Barrington,Nova Scotia	43.5645545	-65.5641098	PURPLE	<a href='https://www.acroad.ca/certificates/2007/NS-2007-118-BDC.pdf' target='_blank'>NS-2007-118-BDC</a>	<a href='https://www.google.com/maps/place/43.5645545,-65.5641098' target='_blank'>Local street map of course</a>	<a href='https://www.google.com/maps/dir/?api=1&destination=43.5645545,-65.5641098&travelmode=driving' target='_blank'>Driving directions to course</a>		
NS-2007-003-BDC	2007	Bell Rd. 300m Calibration Course	300	m	Halifax	NS		Nova Scotia	Halifax,Nova Scotia	44.6486180	-63.5859487	PURPLE	<a href='https://www.acroad.ca/certificates/2007/NS-2007-003-BDC.pdf' target='_blank'>NS-2007-003-BDC</a>	<a href='https://www.google.com/maps/place/44.6486180,-63.5859487' target='_blank'>Local street map of course</a>	<a href='https://www.google.com/maps/dir/?api=1&destination=44.6486180,-63.5859487&travelmode=driving' target='_blank'>Driving directions to course</a>		
AB-2007-126-BDC	2007	Calgary 98th Ave. SW 300m Calibration Course	300	m	Calgary	AB		Alberta	Calgary,Alberta	51.0456064	-114.0575410	PURPLE	<a href='https://www.acroad.ca/certificates/2007/AB-2007-126-BDC.pdf' target='_blank'>AB-2007-126-BDC</a>	<a href='https://www.google.com/maps/place/51.0456064,-114.0575410' target='_blank'>Local street map of course</a>	<a href='https://www.google.com/maps/dir/?api=1&destination=51.0456064,-114.0575410&travelmode=driving' target='_blank'>Driving directions to course</a>		
AB-2007-087-BDC	2007	Calgary 98th Ave. SW 500m Calibration Course	500	m	Calgary	AB		Alberta	Calgary,Alberta	51.0456064	-114.0575410	PURPLE	<a href='https://www.acroad.ca/certificates/2007/AB-2007-087-BDC.pdf' target='_blank'>AB-2007-087-BDC</a>	<a href='https://www.google.com/maps/place/51.0456064,-114.0575410' target='_blank'>Local street map of course</a>	<a href='https://www.google.com/maps/dir/?api=1&destination=51.0456064,-114.0575410&travelmode=driving' target='_blank'>Driving directions to course</a>		
BC-2007-062-BDC	2007	Cedar Road 300m Calibration Course	300	m	Nanaimo	BC		British Columbia	Nanaimo,British Columbia	49.1638770	-123.9381220	PURPLE	<a href='https://www.acroad.ca/certificates/2007/BC-2007-062-BDC.pdf' target='_blank'>BC-2007-062-BDC</a>	<a href='https://www.google.com/maps/place/49.1638770,-123.9381220' target='_blank'>Local street map of course</a>	<a href='https://www.google.com/maps/dir/?api=1&destination=49.1638770,-123.9381220&travelmode=driving' target='_blank'>Driving directions to course</a>		
ON-2007-045-BDC	2007	Chatham St. E. 300m Calibration Course	300	m	Windsor	ON		Ontario	Windsor,Ontario	42.2858536	-82.9780695	PURPLE	<a href='https://www.acroad.ca/certificates/2007/ON-2007-045-BDC.pdf' target='_blank'>ON-2007-045-BDC</a>	<a href='https://www.google.com/maps/place/42.2858536,-82.9780695' target='_blank'>Local street map of course</a>	<a href='https://www.google.com/maps/dir/?api=1&destination=42.2858536,-82.9780695&travelmode=driving' target='_blank'>Driving directions to course</a>		
AB-2007-029-BDC	2007	Compound Road 300m Calibration Course	300	m	Banff	AB		Alberta	Banff,Alberta	51.1750760	-115.5720773	PURPLE	<a href='https://www.acroad.ca/certificates/2007/AB-2007-029-BDC.pdf' target='_blank'>AB-2007-029-BDC</a>	<a href='https://www.google.com/maps/place/51.1750760,-115.5720773' target='_blank'>Local street map of course</a>	<a href='https://www.google.com/maps/dir/?api=1&destination=51.1750760,-115.5720773&travelmode=driving' target='_blank'>Driving directions to course</a>		
BC-2007-013-BDC	2007	Cottam Road 300m Calibration Course	300	m	Port Alberni	BC		British Columbia	Port Alberni,British Columbia	49.2343668	-124.8056517	PURPLE	<a href='https://www.acroad.ca/certificates/2007/BC-2007-013-BDC.pdf' target='_blank'>BC-2007-013-BDC</a>	<a href='https://www.google.com/maps/place/49.2343668,-124.8056517' target='_blank'>Local street map of course</a>	<a href='https://www.google.com/maps/dir/?api=1&destination=49.2343668,-124.8056517&travelmode=driving' target='_blank'>Driving directions to course</a>		
NS-2007-112-BDC	2007	George St. 500m Calibration Course	500	m	Sydney	NS		Nova Scotia	Sydney,Nova Scotia	46.1382112	-60.1941912	PURPLE	<a href='https://www.acroad.ca/certificates/2007/NS-2007-112-BDC.pdf' target='_blank'>NS-2007-112-BDC</a>	<a href='https://www.google.com/maps/place/46.1382112,-60.1941912' target='_blank'>Local street map of course</a>	<a href='https://www.google.com/maps/dir/?api=1&destination=46.1382112,-60.1941912&travelmode=driving' target='_blank'>Driving directions to course</a>		
AB-2007-030-BDC	2007	Gunner Road 300m Calibration Course	300	m	Denwood	AB		Alberta	Denwood,Alberta	52.8297573	-110.8834977	PURPLE	<a href='https://www.acroad.ca/certificates/2007/AB-2007-030-BDC.pdf' target='_blank'>AB-2007-030-BDC</a>	<a href='https://www.google.com/maps/place/52.8297573,-110.8834977' target='_blank'>Local street map of course</a>	<a href='https://www.google.com/maps/dir/?api=1&destination=52.8297573,-110.8834977&travelmode=driving' target='_blank'>Driving directions to course</a>		
ON-2007-040-BDC	2007	Highway 60 (Algonquin Park) 300m Calibration Course	300	m	Algonquin Park	ON		Ontario	Algonquin Park,Ontario	45.6571356	-78.4995386	PURPLE	<a href='https://www.acroad.ca/certificates/2007/ON-2007-040-BDC.pdf' target='_blank'>ON-2007-040-BDC</a>	<a href='https://www.google.com/maps/place/45.6571356,-78.4995386' target='_blank'>Local street map of course</a>	<a href='https://www.google.com/maps/dir/?api=1&destination=45.6571356,-78.4995386&travelmode=driving' target='_blank'>Driving directions to course</a>		
QC-2007-026-BDC	2007	Levis Cycling Path 450m Calibration Course	450	m	Lévis	QC		Quebec	Lévis,Quebec	46.8033114	-71.1778792	PURPLE	<a href='https://www.acroad.ca/certificates/2007/QC-2007-026-BDC.pdf' target='_blank'>QC-2007-026-BDC</a>	<a href='https://www.google.com/maps/place/46.8033114,-71.1778792' target='_blank'>Local street map of course</a>	<a href='https://www.google.com/maps/dir/?api=1&destination=46.8033114,-71.1778792&travelmode=driving' target='_blank'>Driving directions to course</a>		
ON-2007-090-BDC	2007	Merritt Island 300m Calibration Course	300	m	Welland	ON		Ontario	Welland,Ontario	42.9922181	-79.2484192	PURPLE	<a href='https://www.acroad.ca/certificates/2007/ON-2007-090-BDC.pdf' target='_blank'>ON-2007-090-BDC</a>	<a href='https://www.google.com/maps/place/42.9922181,-79.2484192' target='_blank'>Local street map of course</a>	<a href='https://www.google.com/maps/dir/?api=1&destination=42.9922181,-79.2484192&travelmode=driving' target='_blank'>Driving directions to course</a>		
ON-2007-047-BDC	2007	Mill St. 300m Calibration Course	300	m	Toronto	ON		Ontario	Toronto,Ontario	43.6534817	-79.3839347	PURPLE	<a href='https://www.acroad.ca/certificates/2007/ON-2007-047-BDC.pdf' target='_blank'>ON-2007-047-BDC</a>	<a href='https://www.google.com/maps/place/43.6534817,-79.3839347' target='_blank'>Local street map of course</a>	<a href='https://www.google.com/maps/dir/?api=1&destination=43.6534817,-79.3839347&travelmode=driving' target='_blank'>Driving directions to course</a>		
MB-2007-132-BDC	2007	Parkville Drive 300m Calibration Course	300	m	Winnipeg	MB		Manitoba	Winnipeg,Manitoba	49.8955367	-97.1384584	PURPLE	<a href='https://www.acroad.ca/certificates/2007/MB-2007-132-BDC.pdf' target='_blank'>MB-2007-132-BDC</a>	<a href='https://www.google.com/maps/place/49.8955367,-97.1384584' target='_blank'>Local street map of course</a>	<a href='https://www.google.com/maps/dir/?api=1&destination=49.8955367,-97.1384584&travelmode=driving' target='_blank'>Driving directions to course</a>		
ON-2007-091-BDC	2007	Prichard Rd. 300m Calibration Course	300	m	Hamilton	ON		Ontario	Hamilton,Ontario	43.2560802	-79.8728583	PURPLE	<a href='https://www.acroad.ca/certificates/2007/ON-2007-091-BDC.pdf' target='_blank'>ON-2007-091-BDC</a>	<a href='https://www.google.com/maps/place/43.2560802,-79.8728583' target='_blank'>Local street map of course</a>	<a href='https://www.google.com/maps/dir/?api=1&destination=43.2560802,-79.8728583&travelmode=driving' target='_blank'>Driving directions to course</a>		
QC-2007-080-BDC	2007	Rimouski 2 Rue Est 350m Calibration Course	350	m	Rimouski	QC		Quebec	Rimouski,Quebec	48.4501550	-68.5299680	PURPLE	<a href='https://www.acroad.ca/certificates/2007/QC-2007-080-BDC.pdf' target='_blank'>QC-2007-080-BDC</a>	<a href='https://www.google.com/maps/place/48.4501550,-68.5299680' target='_blank'>Local street map of course</a>	<a href='https://www.google.com/maps/dir/?api=1&destination=48.4501550,-68.5299680&travelmode=driving' target='_blank'>Driving directions to course</a>		
NB-2007-061-BDC	2007	Route 100 (Kennebecasis Valley) 300m Calibration Course	300	m	Quispamsis	NB		New Brunswick	Quispamsis,New Brunswick	45.4287577	-65.9551378	PURPLE	<a href='https://www.acroad.ca/certificates/2007/NB-2007-061-BDC.pdf' target='_blank'>NB-2007-061-BDC</a>	<a href='https://www.google.com/maps/place/45.4287577,-65.9551378' target='_blank'>Local street map of course</a>	<a href='https://www.google.com/maps/dir/?api=1&destination=45.4287577,-65.9551378&travelmode=driving' target='_blank'>Driving directions to course</a>		
NB-2007-095-BDC	2007	Route 134 400m Calibration Course	400	m	Charlo	NB		New Brunswick	Charlo,New Brunswick	47.9944898	-66.3055996	PURPLE	<a href='https://www.acroad.ca/certificates/2007/NB-2007-095-BDC.pdf' target='_blank'>NB-2007-095-BDC</a>	<a href='https://www.google.com/maps/place/47.9944898,-66.3055996' target='_blank'>Local street map of course</a>	<a href='https://www.google.com/maps/dir/?api=1&destination=47.9944898,-66.3055996&travelmode=driving' target='_blank'>Driving directions to course</a>		
QC-2007-078-BDC	2007	Rue Forbes 300m Calibration Course	300	m	Vaudreuil-Dorion	QC		Quebec	Vaudreuil-Dorion,Quebec	45.3971509	-74.0254577	PURPLE	<a href='https://www.acroad.ca/certificates/2007/QC-2007-078-BDC.pdf' target='_blank'>QC-2007-078-BDC</a>	<a href='https://www.google.com/maps/place/45.3971509,-74.0254577' target='_blank'>Local street map of course</a>	<a href='https://www.google.com/maps/dir/?api=1&destination=45.3971509,-74.0254577&travelmode=driving' target='_blank'>Driving directions to course</a>		
BC-2007-115-BDC	2007	School Road 590m Calibration Course	590	m	Lavington	BC		British Columbia	Lavington,British Columbia	50.2332332	-119.1076937	PURPLE	<a href='https://www.acroad.ca/certificates/2007/BC-2007-115-BDC.pdf' target='_blank'>BC-2007-115-BDC</a>	<a href='https://www.google.com/maps/place/50.2332332,-119.1076937' target='_blank'>Local street map of course</a>	<a href='https://www.google.com/maps/dir/?api=1&destination=50.2332332,-119.1076937&travelmode=driving' target='_blank'>Driving directions to course</a>		
BC-2007-011-BDC	2007	Tunbridge Ave. Calibration Course	630.72	m	Mission	BC		British Columbia	Mission,British Columbia	49.1589351	-122.2835830	PURPLE	<a href='https://www.acroad.ca/certificates/2007/BC-2007-011-BDC.pdf' target='_blank'>BC-2007-011-BDC</a>	<a href='https://www.google.com/maps/place/49.1589351,-122.2835830' target='_blank'>Local street map of course</a>	<a href='https://www.google.com/maps/dir/?api=1&destination=49.1589351,-122.2835830&travelmode=driving' target='_blank'>Driving directions to course</a>		
ON-2007-020-BDC	2007	Verobeach Blvd. 300m Calibration Course	300	m	Toronto	ON		Ontario	Toronto,Ontario	43.6534817	-79.3839347	PURPLE	<a href='https://www.acroad.ca/certificates/2007/ON-2007-020-BDC.pdf' target='_blank'>ON-2007-020-BDC</a>	<a href='https://www.google.com/maps/place/43.6534817,-79.3839347' target='_blank'>Local street map of course</a>	<a href='https://www.google.com/maps/dir/?api=1&destination=43.6534817,-79.3839347&travelmode=driving' target='_blank'>Driving directions to course</a>		
NL-2007-088-BDC	2007	Waterford Bridge 350.0593m Calibration Course	350.0593	m	St. John's	NL		Newfoundland and Labrador	St. John's,Newfoundland and Labrador	47.5646794	-52.7066964	PURPLE	<a href='https://www.acroad.ca/certificates/2007/NL-2007-088-BDC.pdf' target='_blank'>NL-2007-088-BDC</a>	<a href='https://www.google.com/maps/place/47.5646794,-52.7066964' target='_blank'>Local street map of course</a>	<a href='https://www.google.com/maps/dir/?api=1&destination=47.5646794,-52.7066964&travelmode=driving' target='_blank'>Driving directions to course</a>		
ON-2007-074-BDC	2007	Waterfront Trail 300m Calibration Course	300	m	Hamilton	ON		Ontario	Hamilton,Ontario	43.2560802	-79.8728583	PURPLE	<a href='https://www.acroad.ca/certificates/2007/ON-2007-074-BDC.pdf' target='_blank'>ON-2007-074-BDC</a>	<a href='https://www.google.com/maps/place/43.2560802,-79.8728583' target='_blank'>Local street map of course</a>	<a href='https://www.google.com/maps/dir/?api=1&destination=43.2560802,-79.8728583&travelmode=driving' target='_blank'>Driving directions to course</a>		
ON-2023-052-BDC	2023	Klondyke Road 300m Calibration Course	300	m	Between Grand Bend & the Pinery	ON		Ontario	Between Grand Bend & the Pinery,Ontario			PURPLE	<a href='https://www.acroad.ca/certificates/2003/ON-2023-052-BDC.pdf' target='_blank'>ON-2023-052-BDC</a>				
